date,ride,temp_mean,temp_max,temp_min,precip_mm,rain_mm,snow_cm,wind_max,humidity,is_rain,is_heavy_rain,dow,is_weekend,is_holiday,is_workday,month,year,pandemic_acute,pandemic_recovery,is_pandemic
2019-01-01,6813453.0,-5.7,-1.3,-9.0,0.0,0.0,0.0,18.2,57.0,0,0,1,0,1,0,1,2019,0,0,0
2019-01-02,15214002.0,-6.0,-1.6,-8.6,0.0,0.0,0.0,12.6,47.0,0,0,2,0,0,1,1,2019,0,0,0
2019-01-03,15716213.0,-5.0,1.1,-8.6,0.0,0.0,0.0,8.7,47.0,0,0,3,0,0,1,1,2019,0,0,0
2019-01-04,16509281.0,-2.8,2.8,-7.4,0.0,0.0,0.0,13.0,66.0,0,0,4,0,0,1,1,2019,0,0,0
2019-01-05,12092335.0,-4.2,-0.5,-7.2,0.0,0.0,0.0,17.2,47.0,0,0,5,1,0,0,1,2019,0,0,0
2019-01-06,8789266.0,-4.3,0.9,-7.0,0.0,0.0,0.0,10.9,47.0,0,0,6,1,0,0,1,2019,0,0,0
2019-01-07,15619170.0,-3.6,2.1,-7.3,0.0,0.0,0.0,15.0,57.0,0,0,0,0,0,1,1,2019,0,0,0
2019-01-08,15793381.0,-4.4,-0.5,-7.3,0.0,0.0,0.0,24.5,36.0,0,0,1,0,0,1,1,2019,0,0,0
2019-01-09,15598473.0,-6.3,-1.6,-9.3,0.0,0.0,0.0,14.0,28.0,0,0,2,0,0,1,1,2019,0,0,0
2019-01-10,15921158.0,-2.5,2.9,-5.8,0.0,0.0,0.0,17.5,49.0,0,0,3,0,0,1,1,2019,0,0,0
2019-01-11,16673540.0,-0.5,4.5,-4.2,0.0,0.0,0.0,8.7,66.0,0,0,4,0,0,1,1,2019,0,0,0
2019-01-12,12532124.0,0.5,6.0,-3.4,0.0,0.0,0.0,10.8,64.0,0,0,5,1,0,0,1,2019,0,0,0
2019-01-13,8972482.0,-1.2,5.8,-5.1,0.0,0.0,0.0,10.8,65.0,0,0,6,1,0,0,1,2019,0,0,0
2019-01-14,15330431.0,-1.0,5.0,-5.3,0.0,0.0,0.0,9.3,81.0,0,0,0,0,0,1,1,2019,0,0,0
2019-01-15,15623596.0,-2.6,0.9,-7.8,0.0,0.0,0.0,24.1,67.0,0,0,1,0,0,1,1,2019,0,0,0
2019-01-16,15751774.0,-6.3,-2.7,-9.6,0.0,0.0,0.0,16.2,40.0,0,0,2,0,0,1,1,2019,0,0,0
2019-01-17,16038308.0,-1.5,2.6,-4.9,0.0,0.0,0.0,19.7,55.0,0,0,3,0,0,1,1,2019,0,0,0
2019-01-18,16692844.0,-1.7,4.5,-6.1,0.0,0.0,0.0,12.6,47.0,0,0,4,0,0,1,1,2019,0,0,0
2019-01-19,12484719.0,0.9,6.7,-3.2,0.0,0.0,0.0,11.9,65.0,0,0,5,1,0,0,1,2019,0,0,0
2019-01-20,9029921.0,-2.4,0.2,-6.4,0.0,0.0,0.0,24.7,52.0,0,0,6,1,0,0,1,2019,0,0,0
2019-01-21,15444014.0,-2.1,4.0,-6.7,0.0,0.0,0.0,28.9,64.0,0,0,0,0,0,1,1,2019,0,0,0
2019-01-22,15826974.0,-0.5,5.5,-4.2,0.0,0.0,0.0,19.3,76.0,0,0,1,0,0,1,1,2019,0,0,0
2019-01-23,16038656.0,-0.3,6.1,-4.1,0.0,0.0,0.0,22.4,60.0,0,0,2,0,0,1,1,2019,0,0,0
2019-01-24,16134268.0,-2.8,3.8,-6.9,0.0,0.0,0.0,11.6,44.0,0,0,3,0,0,1,1,2019,0,0,0
2019-01-25,16846166.0,-3.1,1.5,-6.1,0.0,0.0,0.0,24.9,37.0,0,0,4,0,0,1,1,2019,0,0,0
2019-01-26,12668145.0,-4.0,0.6,-7.3,0.0,0.0,0.0,19.4,38.0,0,0,5,1,0,0,1,2019,0,0,0
2019-01-27,9242044.0,-1.9,3.5,-7.2,0.0,0.0,0.0,17.3,57.0,0,0,6,1,0,0,1,2019,0,0,0
2019-01-28,15661416.0,-0.1,2.5,-4.8,0.5,0.4,0.07,24.5,56.0,0,0,0,0,0,1,1,2019,0,0,0
2019-01-29,15868873.0,-2.8,3.8,-7.1,0.0,0.0,0.0,11.0,44.0,0,0,1,0,0,1,1,2019,0,0,0
2019-01-30,16049291.0,-0.3,6.2,-4.2,0.0,0.0,0.0,14.6,65.0,0,0,2,0,0,1,1,2019,0,0,0
2019-01-31,15770058.0,-2.9,-0.8,-6.7,0.0,0.0,0.0,16.7,34.0,0,0,3,0,0,1,1,2019,0,0,0
2019-02-01,15931852.0,-3.2,2.0,-7.5,0.0,0.0,0.0,22.7,50.0,0,0,4,0,0,1,2,2019,0,0,0
2019-02-02,10136205.0,0.0,6.1,-4.2,0.0,0.0,0.0,13.7,64.0,0,0,5,1,0,0,2,2019,0,0,0
2019-02-03,6807936.0,3.0,6.0,0.7,14.2,14.1,0.07,19.4,88.0,1,0,6,1,0,0,2,2019,0,0,0
2019-02-04,5862840.0,-2.2,1.9,-6.1,0.0,0.0,0.0,20.9,48.0,0,0,0,0,1,0,2,2019,0,0,0
2019-02-05,5652813.0,0.7,8.6,-5.7,0.0,0.0,0.0,15.5,41.0,0,0,1,0,1,0,2,2019,0,0,0
2019-02-06,7461532.0,2.5,9.8,-3.7,0.0,0.0,0.0,18.1,63.0,0,0,2,0,1,0,2,2019,0,0,0
2019-02-07,14773972.0,-2.6,4.2,-8.8,0.4,0.4,0.0,24.5,52.0,0,0,3,0,0,1,2,2019,0,0,0
2019-02-08,15785522.0,-6.8,-2.2,-10.6,0.0,0.0,0.0,14.3,20.0,0,0,4,0,0,1,2,2019,0,0,0
2019-02-09,11970485.0,-5.7,-2.2,-7.8,0.0,0.0,0.0,20.4,26.0,0,0,5,1,0,0,2,2019,0,0,0
2019-02-10,8693240.0,-5.0,-0.7,-8.3,0.0,0.0,0.0,12.3,24.0,0,0,6,1,0,0,2,2019,0,0,0
2019-02-11,15854967.0,-3.8,1.4,-7.3,0.0,0.0,0.0,18.0,33.0,0,0,0,0,0,1,2,2019,0,0,0
2019-02-12,16135660.0,-2.1,3.1,-6.1,0.0,0.0,0.0,13.8,37.0,0,0,1,0,0,1,2,2019,0,0,0
2019-02-13,16293762.0,-3.3,1.7,-6.8,0.0,0.0,0.0,19.4,28.0,0,0,2,0,0,1,2,2019,0,0,0
2019-02-14,16477488.0,-2.8,3.6,-6.4,0.0,0.0,0.0,11.9,27.0,0,0,3,0,0,1,2,2019,0,0,0
2019-02-15,17161453.0,-1.2,1.3,-3.3,0.8,0.0,0.56,18.8,65.0,0,0,4,0,0,1,2,2019,0,0,0
2019-02-16,13202412.0,-3.1,1.2,-6.4,0.0,0.0,0.0,14.5,58.0,0,0,5,1,0,0,2,2019,0,0,0
2019-02-17,9460710.0,-3.4,3.6,-7.8,0.0,0.0,0.0,16.2,50.0,0,0,6,1,0,0,2,2019,0,0,0
2019-02-18,15970407.0,-1.1,5.6,-6.3,0.0,0.0,0.0,11.5,49.0,0,0,0,0,0,1,2,2019,0,0,0
2019-02-19,16067843.0,0.5,4.7,-2.5,5.1,0.0,3.57,13.2,82.0,0,0,1,0,0,1,2,2019,0,0,0
2019-02-20,16421343.0,0.3,4.5,-3.1,0.0,0.0,0.0,19.9,75.0,0,0,2,0,0,1,2,2019,0,0,0
2019-02-21,16510787.0,-0.4,6.5,-5.2,0.0,0.0,0.0,13.4,72.0,0,0,3,0,0,1,2,2019,0,0,0
2019-02-22,17192257.0,1.1,9.6,-4.0,0.0,0.0,0.0,13.2,69.0,0,0,4,0,0,1,2,2019,0,0,0
2019-02-23,13570656.0,3.1,11.8,-3.0,0.0,0.0,0.0,14.5,60.0,0,0,5,1,0,0,2,2019,0,0,0
2019-02-24,9937639.0,1.8,10.8,-3.2,0.0,0.0,0.0,17.8,66.0,0,0,6,1,0,0,2,2019,0,0,0
2019-02-25,16208844.0,2.4,8.8,-1.9,0.0,0.0,0.0,13.6,71.0,0,0,0,0,0,1,2,2019,0,0,0
2019-02-26,16495766.0,1.5,8.8,-4.9,0.0,0.0,0.0,10.8,57.0,0,0,1,0,0,1,2,2019,0,0,0
2019-02-27,16658026.0,4.6,11.3,0.8,0.0,0.0,0.0,14.3,64.0,0,0,2,0,0,1,2,2019,0,0,0
2019-02-28,17129873.0,4.1,10.5,-0.1,0.0,0.0,0.0,16.3,58.0,0,0,3,0,0,1,2,2019,0,0,0
2019-03-01,11821996.0,3.3,11.2,-2.3,0.0,0.0,0.0,17.7,65.0,0,0,4,0,1,0,3,2019,0,0,0
2019-03-02,11805050.0,4.1,12.1,-3.6,0.0,0.0,0.0,11.2,64.0,0,0,5,1,0,0,3,2019,0,0,0
2019-03-03,9264804.0,5.6,12.9,-2.9,0.0,0.0,0.0,9.4,58.0,0,0,6,1,0,0,3,2019,0,0,0
2019-03-04,16373908.0,6.8,13.3,3.1,0.0,0.0,0.0,15.4,67.0,0,0,0,0,0,1,3,2019,0,0,0
2019-03-05,16465079.0,5.5,12.6,0.1,0.0,0.0,0.0,16.6,80.0,0,0,1,0,0,1,3,2019,0,0,0
2019-03-06,16729498.0,6.0,10.6,1.9,0.6,0.6,0.0,13.0,76.0,0,0,2,0,0,1,3,2019,0,0,0
2019-03-07,17176768.0,4.7,12.5,-1.1,0.0,0.0,0.0,23.9,64.0,0,0,3,0,0,1,3,2019,0,0,0
2019-03-08,17949442.0,2.7,10.3,-3.9,0.0,0.0,0.0,16.0,60.0,0,0,4,0,0,1,3,2019,0,0,0
2019-03-09,13871272.0,3.2,10.2,-3.8,0.0,0.0,0.0,9.6,61.0,0,0,5,1,0,0,3,2019,0,0,0
2019-03-10,9732439.0,6.9,13.9,2.5,0.0,0.0,0.0,9.4,51.0,0,0,6,1,0,0,3,2019,0,0,0
2019-03-11,16738261.0,4.3,10.1,-0.1,0.1,0.1,0.0,17.1,73.0,0,0,0,0,0,1,3,2019,0,0,0
2019-03-12,16752783.0,2.7,8.5,-1.3,0.8,0.8,0.0,24.9,67.0,0,0,1,0,0,1,3,2019,0,0,0
2019-03-13,16998477.0,1.7,7.3,-2.9,0.0,0.0,0.0,30.0,46.0,0,0,2,0,0,1,3,2019,0,0,0
2019-03-14,17190801.0,2.0,7.7,-4.0,3.2,1.5,1.19,12.3,56.0,1,0,3,0,0,1,3,2019,0,0,0
2019-03-15,17612325.0,2.9,9.4,-1.6,3.6,3.0,0.42,21.8,83.0,1,0,4,0,0,1,3,2019,0,0,0
2019-03-16,13603599.0,2.3,8.0,-4.0,0.0,0.0,0.0,18.1,75.0,0,0,5,1,0,0,3,2019,0,0,0
2019-03-17,10129963.0,3.9,10.4,-0.3,0.0,0.0,0.0,18.3,72.0,0,0,6,1,0,0,3,2019,0,0,0
2019-03-18,16708970.0,3.7,11.4,-3.4,0.0,0.0,0.0,14.2,64.0,0,0,0,0,0,1,3,2019,0,0,0
2019-03-19,17059402.0,7.0,14.7,-0.4,0.0,0.0,0.0,14.7,67.0,0,0,1,0,0,1,3,2019,0,0,0
2019-03-20,16749123.0,8.8,16.0,2.7,8.9,8.9,0.0,15.1,80.0,1,0,2,0,0,1,3,2019,0,0,0
2019-03-21,17026708.0,7.3,10.6,0.7,2.4,2.4,0.0,30.0,76.0,1,0,3,0,0,1,3,2019,0,0,0
2019-03-22,17797778.0,2.1,7.4,-2.8,0.0,0.0,0.0,21.8,45.0,0,0,4,0,0,1,3,2019,0,0,0
2019-03-23,13100366.0,1.9,7.6,-3.6,1.8,0.9,0.63,29.0,55.0,0,0,5,1,0,0,3,2019,0,0,0
2019-03-24,9887393.0,1.9,7.5,-3.9,0.0,0.0,0.0,23.1,60.0,0,0,6,1,0,0,3,2019,0,0,0
2019-03-25,16597419.0,5.1,11.7,-0.9,0.0,0.0,0.0,26.0,74.0,0,0,0,0,0,1,3,2019,0,0,0
2019-03-26,17121175.0,8.0,14.7,2.6,0.0,0.0,0.0,15.3,72.0,0,0,1,0,0,1,3,2019,0,0,0
2019-03-27,17038826.0,8.8,15.1,4.0,0.0,0.0,0.0,31.3,78.0,0,0,2,0,0,1,3,2019,0,0,0
2019-03-28,17188188.0,7.0,13.1,1.3,0.0,0.0,0.0,15.9,68.0,0,0,3,0,0,1,3,2019,0,0,0
2019-03-29,17935133.0,7.2,12.4,3.8,0.0,0.0,0.0,17.2,45.0,0,0,4,0,0,1,3,2019,0,0,0
2019-03-30,12757513.0,4.2,8.6,1.7,6.2,4.9,0.91,32.4,77.0,1,0,5,1,0,0,3,2019,0,0,0
2019-03-31,9453766.0,3.6,7.7,0.5,0.0,0.0,0.0,25.1,57.0,0,0,6,1,0,0,3,2019,0,0,0
2019-04-01,16495880.0,3.5,9.1,-1.2,0.0,0.0,0.0,21.7,55.0,0,0,0,0,0,1,4,2019,0,0,0
2019-04-02,16781978.0,4.6,11.2,-0.8,0.0,0.0,0.0,23.2,61.0,0,0,1,0,0,1,4,2019,0,0,0
2019-04-03,17027290.0,5.5,11.5,-0.7,0.0,0.0,0.0,22.3,55.0,0,0,2,0,0,1,4,2019,0,0,0
2019-04-04,17171189.0,6.7,13.2,-0.2,0.0,0.0,0.0,26.1,65.0,0,0,3,0,0,1,4,2019,0,0,0
2019-04-05,17853560.0,9.7,15.0,5.5,0.0,0.0,0.0,25.3,54.0,0,0,4,0,0,1,4,2019,0,0,0
2019-04-06,13237877.0,8.4,14.4,3.6,5.2,5.2,0.0,14.3,55.0,1,0,5,1,0,0,4,2019,0,0,0
2019-04-07,10685618.0,9.9,17.8,1.8,0.0,0.0,0.0,13.9,59.0,0,0,6,1,0,0,4,2019,0,0,0
2019-04-08,16937865.0,9.1,15.0,2.7,0.0,0.0,0.0,20.6,45.0,0,0,0,0,0,1,4,2019,0,0,0
2019-04-09,16805759.0,8.9,14.6,3.7,7.3,7.3,0.0,25.3,56.0,1,0,1,0,0,1,4,2019,0,0,0
2019-04-10,16716349.0,5.8,8.2,3.7,7.0,7.0,0.0,23.0,82.0,1,0,2,0,0,1,4,2019,0,0,0
2019-04-11,17372546.0,7.8,14.2,1.9,0.2,0.2,0.0,16.8,72.0,0,0,3,0,0,1,4,2019,0,0,0
2019-04-12,17992610.0,9.0,15.9,3.7,0.0,0.0,0.0,19.5,69.0,0,0,4,0,0,1,4,2019,0,0,0
2019-04-13,14423958.0,9.2,15.8,2.0,0.0,0.0,0.0,18.1,59.0,0,0,5,1,0,0,4,2019,0,0,0
2019-04-14,9150117.0,8.1,13.3,4.2,3.3,3.3,0.0,26.1,61.0,1,0,6,1,0,0,4,2019,0,0,0
2019-04-15,16703906.0,8.4,15.7,1.3,0.0,0.0,0.0,20.9,58.0,0,0,0,0,0,1,4,2019,0,0,0
2019-04-16,17026953.0,10.8,19.8,2.5,0.0,0.0,0.0,10.8,57.0,0,0,1,0,0,1,4,2019,0,0,0
2019-04-17,17162200.0,12.2,19.2,5.5,0.0,0.0,0.0,17.1,60.0,0,0,2,0,0,1,4,2019,0,0,0
2019-04-18,16816355.0,11.2,15.4,7.6,0.0,0.0,0.0,23.8,79.0,0,0,3,0,0,1,4,2019,0,0,0
2019-04-19,17540211.0,11.6,16.9,7.3,0.0,0.0,0.0,19.5,70.0,0,0,4,0,0,1,4,2019,0,0,0
2019-04-20,13430653.0,12.1,17.5,6.1,0.2,0.2,0.0,19.0,73.0,0,0,5,1,0,0,4,2019,0,0,0
2019-04-21,9548009.0,13.4,17.6,10.6,0.2,0.2,0.0,14.1,79.0,0,0,6,1,0,0,4,2019,0,0,0
2019-04-22,16529047.0,16.4,25.4,7.6,0.0,0.0,0.0,8.6,67.0,0,0,0,0,0,1,4,2019,0,0,0
2019-04-23,16612085.0,17.9,24.5,12.3,0.1,0.1,0.0,17.9,66.0,0,0,1,0,0,1,4,2019,0,0,0
2019-04-24,16973170.0,16.8,24.1,13.6,6.2,6.2,0.0,21.2,79.0,1,0,2,0,0,1,4,2019,0,0,0
2019-04-25,16814762.0,13.2,15.4,10.2,6.1,6.1,0.0,22.8,77.0,1,0,3,0,0,1,4,2019,0,0,0
2019-04-26,17679045.0,8.5,10.2,6.9,5.5,5.5,0.0,16.4,82.0,1,0,4,0,0,1,4,2019,0,0,0
2019-04-27,14492513.0,9.9,17.1,3.1,0.0,0.0,0.0,18.0,67.0,0,0,5,1,0,0,4,2019,0,0,0
2019-04-28,10233554.0,11.8,15.8,8.6,0.0,0.0,0.0,15.0,60.0,0,0,6,1,0,0,4,2019,0,0,0
2019-04-29,16929152.0,12.1,16.6,6.5,0.0,0.0,0.0,9.6,66.0,0,0,0,0,0,1,4,2019,0,0,0
2019-04-30,17765456.0,13.3,20.0,6.5,0.0,0.0,0.0,16.5,69.0,0,0,1,0,0,1,4,2019,0,0,0
2019-05-01,13354742.0,14.7,20.4,8.7,0.0,0.0,0.0,22.1,64.0,0,0,2,0,0,1,5,2019,0,0,0
2019-05-02,17553757.0,14.3,22.8,8.1,0.0,0.0,0.0,26.0,50.0,0,0,3,0,0,1,5,2019,0,0,0
2019-05-03,18425509.0,14.8,24.4,7.8,0.0,0.0,0.0,19.0,60.0,0,0,4,0,0,1,5,2019,0,0,0
2019-05-04,14104871.0,16.1,25.1,8.8,0.0,0.0,0.0,14.6,62.0,0,0,5,1,0,0,5,2019,0,0,0
2019-05-05,10560843.0,17.1,25.1,11.0,0.0,0.0,0.0,20.3,54.0,0,0,6,1,1,0,5,2019,0,0,0
2019-05-06,10709298.0,14.0,18.2,9.2,0.0,0.0,0.0,22.9,34.0,0,0,0,0,1,0,5,2019,0,0,0
2019-05-07,17069148.0,13.5,20.6,7.5,0.0,0.0,0.0,24.4,45.0,0,0,1,0,0,1,5,2019,0,0,0
2019-05-08,17097938.0,13.8,19.9,8.7,0.0,0.0,0.0,23.5,61.0,0,0,2,0,0,1,5,2019,0,0,0
2019-05-09,17411871.0,14.7,20.9,9.3,0.0,0.0,0.0,21.7,58.0,0,0,3,0,0,1,5,2019,0,0,0
2019-05-10,18297823.0,16.3,26.0,8.2,0.0,0.0,0.0,20.8,56.0,0,0,4,0,0,1,5,2019,0,0,0
2019-05-11,14254332.0,18.2,27.3,11.3,0.0,0.0,0.0,21.9,51.0,0,0,5,1,0,0,5,2019,0,0,0
2019-05-12,10544311.0,19.5,27.1,12.0,0.3,0.3,0.0,13.0,47.0,0,0,6,1,1,0,5,2019,0,0,0
2019-05-13,16670623.0,16.3,21.6,13.1,7.0,7.0,0.0,15.9,63.0,1,0,0,0,0,1,5,2019,0,0,0
2019-05-14,17241001.0,18.2,25.0,11.7,0.0,0.0,0.0,16.2,57.0,0,0,1,0,0,1,5,2019,0,0,0
2019-05-15,17653844.0,18.3,26.0,11.9,0.0,0.0,0.0,15.7,68.0,0,0,2,0,0,1,5,2019,0,0,0
2019-05-16,17366233.0,21.2,28.1,13.9,0.0,0.0,0.0,14.8,59.0,0,0,3,0,0,1,5,2019,0,0,0
2019-05-17,18085208.0,22.3,28.9,16.1,0.0,0.0,0.0,15.3,58.0,0,0,4,0,0,1,5,2019,0,0,0
2019-05-18,13979429.0,22.5,26.0,18.6,0.0,0.0,0.0,23.8,49.0,0,0,5,1,0,0,5,2019,0,0,0
2019-05-19,9298679.0,19.5,20.5,18.1,14.6,14.6,0.0,16.9,79.0,1,0,6,1,0,0,5,2019,0,0,0
2019-05-20,16748745.0,16.1,19.0,12.2,5.0,5.0,0.0,33.2,68.0,1,0,0,0,0,1,5,2019,0,0,0
2019-05-21,17154589.0,15.4,20.4,11.1,0.0,0.0,0.0,26.3,69.0,0,0,1,0,0,1,5,2019,0,0,0
2019-05-22,17237060.0,16.9,23.4,10.6,0.0,0.0,0.0,26.4,64.0,0,0,2,0,0,1,5,2019,0,0,0
2019-05-23,17276699.0,18.5,25.5,11.7,0.0,0.0,0.0,15.0,67.0,0,0,3,0,0,1,5,2019,0,0,0
2019-05-24,18107446.0,21.2,30.8,13.2,0.0,0.0,0.0,15.2,67.0,0,0,4,0,0,1,5,2019,0,0,0
2019-05-25,14101931.0,21.2,27.9,15.7,0.0,0.0,0.0,15.3,61.0,0,0,5,1,0,0,5,2019,0,0,0
2019-05-26,10391425.0,21.9,29.9,14.9,0.0,0.0,0.0,22.3,56.0,0,0,6,1,0,0,5,2019,0,0,0
2019-05-27,15931577.0,18.3,21.0,14.8,11.6,11.6,0.0,24.5,77.0,1,0,0,0,0,1,5,2019,0,0,0
2019-05-28,17125462.0,17.0,22.4,13.4,0.0,0.0,0.0,22.5,55.0,0,0,1,0,0,1,5,2019,0,0,0
2019-05-29,17165171.0,17.6,23.2,10.8,0.0,0.0,0.0,21.0,66.0,0,0,2,0,0,1,5,2019,0,0,0
2019-05-30,17067612.0,17.8,23.7,11.8,0.1,0.1,0.0,22.2,60.0,0,0,3,0,0,1,5,2019,0,0,0
2019-05-31,17726946.0,17.6,21.6,14.0,0.0,0.0,0.0,23.8,61.0,0,0,4,0,0,1,5,2019,0,0,0
2019-06-01,13660087.0,16.8,21.8,11.7,0.0,0.0,0.0,16.8,70.0,0,0,5,1,0,0,6,2019,0,0,0
2019-06-02,9849499.0,19.9,26.2,14.1,0.0,0.0,0.0,18.4,54.0,0,0,6,1,0,0,6,2019,0,0,0
2019-06-03,16593260.0,21.5,28.4,14.8,0.0,0.0,0.0,18.9,54.0,0,0,0,0,0,1,6,2019,0,0,0
2019-06-04,16915345.0,20.9,26.7,15.1,0.0,0.0,0.0,17.9,66.0,0,0,1,0,0,1,6,2019,0,0,0
2019-06-05,17634175.0,20.6,26.8,16.8,0.0,0.0,0.0,18.9,72.0,0,0,2,0,0,1,6,2019,0,0,0
2019-06-06,10398255.0,20.8,25.7,16.9,11.9,11.9,0.0,20.9,75.0,1,0,3,0,1,0,6,2019,0,0,0
2019-06-07,15557368.0,19.1,22.1,17.4,15.3,15.3,0.0,19.2,82.0,1,0,4,0,0,1,6,2019,0,0,0
2019-06-08,12886273.0,20.0,25.4,13.6,0.0,0.0,0.0,12.0,73.0,0,0,5,1,0,0,6,2019,0,0,0
2019-06-09,9082700.0,19.6,24.1,15.9,13.0,13.0,0.0,16.0,81.0,1,0,6,1,0,0,6,2019,0,0,0
2019-06-10,16255310.0,18.3,21.8,16.0,8.1,8.1,0.0,14.6,73.0,1,0,0,0,0,1,6,2019,0,0,0
2019-06-11,16825427.0,18.4,23.3,14.2,0.0,0.0,0.0,13.2,66.0,0,0,1,0,0,1,6,2019,0,0,0
2019-06-12,16846068.0,19.3,24.2,14.9,0.3,0.3,0.0,15.8,75.0,0,0,2,0,0,1,6,2019,0,0,0
2019-06-13,16954653.0,20.2,25.3,14.2,0.0,0.0,0.0,12.4,71.0,0,0,3,0,0,1,6,2019,0,0,0
2019-06-14,17448083.0,20.5,25.5,16.9,0.0,0.0,0.0,13.9,70.0,0,0,4,0,0,1,6,2019,0,0,0
2019-06-15,13352170.0,20.5,25.7,16.2,0.6,0.6,0.0,21.7,69.0,0,0,5,1,0,0,6,2019,0,0,0
2019-06-16,9500622.0,20.0,25.0,14.5,0.0,0.0,0.0,17.1,69.0,0,0,6,1,0,0,6,2019,0,0,0
2019-06-17,16373440.0,19.4,23.6,16.3,0.6,0.6,0.0,16.3,76.0,0,0,0,0,0,1,6,2019,0,0,0
2019-06-18,16399450.0,19.8,24.3,16.2,2.6,2.6,0.0,19.1,81.0,1,0,1,0,0,1,6,2019,0,0,0
2019-06-19,16690880.0,20.2,24.2,17.5,1.6,1.6,0.0,13.9,84.0,1,0,2,0,0,1,6,2019,0,0,0
2019-06-20,17060202.0,20.4,24.8,17.2,0.5,0.5,0.0,15.1,83.0,0,0,3,0,0,1,6,2019,0,0,0
2019-06-21,17482749.0,21.2,25.9,17.0,1.2,1.2,0.0,13.5,80.0,1,0,4,0,0,1,6,2019,0,0,0
2019-06-22,13618518.0,22.5,28.2,16.8,0.0,0.0,0.0,14.1,54.0,0,0,5,1,0,0,6,2019,0,0,0
2019-06-23,9809798.0,22.8,28.2,17.1,0.0,0.0,0.0,15.6,54.0,0,0,6,1,0,0,6,2019,0,0,0
2019-06-24,16284117.0,23.1,28.6,18.7,0.0,0.0,0.0,14.7,60.0,0,0,0,0,0,1,6,2019,0,0,0
2019-06-25,16565288.0,23.6,30.9,16.4,0.0,0.0,0.0,16.6,62.0,0,0,1,0,0,1,6,2019,0,0,0
2019-06-26,16561789.0,23.8,27.9,19.2,0.3,0.3,0.0,17.6,60.0,0,0,2,0,0,1,6,2019,0,0,0
2019-06-27,16365644.0,24.4,29.1,21.9,0.0,0.0,0.0,17.2,68.0,0,0,3,0,0,1,6,2019,0,0,0
2019-06-28,17170712.0,23.4,28.1,20.2,0.3,0.3,0.0,17.3,73.0,0,0,4,0,0,1,6,2019,0,0,0
2019-06-29,12601537.0,23.1,27.0,20.1,4.5,4.5,0.0,12.1,75.0,1,0,5,1,0,0,6,2019,0,0,0
2019-06-30,9467201.0,23.1,27.2,19.8,0.4,0.4,0.0,25.5,78.0,0,0,6,1,0,0,6,2019,0,0,0
2019-07-01,15957182.0,22.4,26.4,19.0,0.0,0.0,0.0,17.2,75.0,0,0,0,0,0,1,7,2019,0,0,0
2019-07-02,16343049.0,22.4,27.4,18.8,0.2,0.2,0.0,15.9,76.0,0,0,1,0,0,1,7,2019,0,0,0
2019-07-03,16576796.0,23.5,30.0,19.1,0.0,0.0,0.0,17.7,72.0,0,0,2,0,0,1,7,2019,0,0,0
2019-07-04,16622601.0,23.7,30.6,18.5,0.0,0.0,0.0,18.6,71.0,0,0,3,0,0,1,7,2019,0,0,0
2019-07-05,17339373.0,25.9,33.1,19.6,0.0,0.0,0.0,15.6,60.0,0,0,4,0,0,1,7,2019,0,0,0
2019-07-06,12723610.0,28.5,35.4,21.3,0.1,0.1,0.0,24.5,47.0,0,0,5,1,0,0,7,2019,0,0,0
2019-07-07,9426870.0,26.2,32.1,21.9,0.0,0.0,0.0,24.0,53.0,0,0,6,1,0,0,7,2019,0,0,0
2019-07-08,16013743.0,24.5,29.6,20.2,0.0,0.0,0.0,22.0,51.0,0,0,0,0,0,1,7,2019,0,0,0
2019-07-09,16513291.0,24.8,30.8,18.9,0.0,0.0,0.0,22.8,52.0,0,0,1,0,0,1,7,2019,0,0,0
2019-07-10,16375573.0,22.0,26.2,19.5,9.9,9.9,0.0,21.6,66.0,1,0,2,0,0,1,7,2019,0,0,0
2019-07-11,16274836.0,21.1,24.0,19.4,7.6,7.6,0.0,16.3,81.0,1,0,3,0,0,1,7,2019,0,0,0
2019-07-12,17355795.0,22.1,26.4,17.4,0.8,0.8,0.0,20.2,77.0,0,0,4,0,0,1,7,2019,0,0,0
2019-07-13,12890702.0,22.9,26.5,20.4,3.2,3.2,0.0,12.5,83.0,1,0,5,1,0,0,7,2019,0,0,0
2019-07-14,9562564.0,23.9,28.8,19.8,0.9,0.9,0.0,12.8,78.0,0,0,6,1,0,0,7,2019,0,0,0
2019-07-15,15687273.0,23.2,27.4,20.6,17.3,17.3,0.0,11.9,85.0,1,0,0,0,0,1,7,2019,0,0,0
2019-07-16,16200218.0,23.6,28.2,20.6,1.8,1.8,0.0,12.5,83.0,1,0,1,0,0,1,7,2019,0,0,0
2019-07-17,16435447.0,24.3,27.1,20.9,0.9,0.9,0.0,10.1,79.0,0,0,2,0,0,1,7,2019,0,0,0
2019-07-18,16465417.0,25.6,31.0,21.9,0.4,0.4,0.0,12.2,71.0,0,0,3,0,0,1,7,2019,0,0,0
2019-07-19,17161601.0,27.2,34.1,21.0,0.4,0.4,0.0,16.1,71.0,0,0,4,0,0,1,7,2019,0,0,0
2019-07-20,12086852.0,26.9,29.1,25.4,6.6,6.6,0.0,29.1,76.0,1,0,5,1,0,0,7,2019,0,0,0
2019-07-21,8947046.0,25.2,28.1,23.1,3.5,3.5,0.0,27.9,86.0,1,0,6,1,0,0,7,2019,0,0,0
2019-07-22,15843456.0,25.3,29.4,22.8,0.4,0.4,0.0,18.2,85.0,0,0,0,0,0,1,7,2019,0,0,0
2019-07-23,15994393.0,26.6,31.0,22.8,1.5,1.5,0.0,15.6,82.0,1,0,1,0,0,1,7,2019,0,0,0
2019-07-24,15865579.0,26.1,28.8,25.1,3.3,3.3,0.0,16.6,86.0,1,0,2,0,0,1,7,2019,0,0,0
2019-07-25,15724646.0,25.9,28.1,24.7,22.7,22.7,0.0,16.6,92.0,1,0,3,0,0,1,7,2019,0,0,0
2019-07-26,15707558.0,24.6,25.4,24.0,49.1,49.1,0.0,18.6,96.0,1,1,4,0,0,1,7,2019,0,0,0
2019-07-27,11737637.0,27.1,31.7,24.3,1.8,1.8,0.0,12.5,85.0,1,0,5,1,0,0,7,2019,0,0,0
2019-07-28,8207561.0,25.7,28.0,24.4,23.0,23.0,0.0,19.3,93.0,1,0,6,1,0,0,7,2019,0,0,0
2019-07-29,15387606.0,26.9,30.2,24.3,1.1,1.1,0.0,23.5,82.0,1,0,0,0,0,1,7,2019,0,0,0
2019-07-30,15452747.0,27.3,30.5,25.3,3.9,3.9,0.0,26.1,84.0,1,0,1,0,0,1,7,2019,0,0,0
2019-07-31,14727795.0,26.0,28.8,24.9,18.3,18.3,0.0,20.7,92.0,1,0,2,0,0,1,7,2019,0,0,0
2019-08-01,15211587.0,26.1,29.4,24.0,5.7,5.7,0.0,16.0,90.0,1,0,3,0,0,1,8,2019,0,0,0
2019-08-02,15578501.0,27.2,31.9,23.7,0.0,0.0,0.0,13.0,83.0,0,0,4,0,0,1,8,2019,0,0,0
2019-08-03,11041343.0,28.1,33.4,24.1,1.9,1.9,0.0,6.4,83.0,1,0,5,1,0,0,8,2019,0,0,0
2019-08-04,8621308.0,28.0,31.3,24.7,0.1,0.1,0.0,11.1,83.0,0,0,6,1,0,0,8,2019,0,0,0
2019-08-05,14662495.0,28.8,33.1,24.2,0.4,0.4,0.0,6.9,78.0,0,0,0,0,0,1,8,2019,0,0,0
2019-08-06,15041522.0,29.9,34.6,26.4,0.0,0.0,0.0,18.1,68.0,0,0,1,0,0,1,8,2019,0,0,0
2019-08-07,15113351.0,25.5,27.3,24.0,13.1,13.1,0.0,14.5,85.0,1,0,2,0,0,1,8,2019,0,0,0
2019-08-08,15554874.0,26.4,29.9,23.3,0.5,0.5,0.0,13.0,88.0,0,0,3,0,0,1,8,2019,0,0,0
2019-08-09,16190309.0,27.2,31.3,23.4,2.3,2.3,0.0,11.2,82.0,1,0,4,0,0,1,8,2019,0,0,0
2019-08-10,11631832.0,28.8,33.7,24.1,0.0,0.0,0.0,14.2,75.0,0,0,5,1,0,0,8,2019,0,0,0
2019-08-11,8935455.0,28.5,32.8,24.9,3.2,3.2,0.0,27.9,66.0,1,0,6,1,0,0,8,2019,0,0,0
2019-08-12,14732333.0,26.6,30.7,24.6,56.8,56.8,0.0,22.3,88.0,1,1,0,0,0,1,8,2019,0,0,0
2019-08-13,15755072.0,28.3,32.4,24.8,2.2,2.2,0.0,11.6,79.0,1,0,1,0,0,1,8,2019,0,0,0
2019-08-14,16189061.0,28.7,33.0,24.5,0.2,0.2,0.0,14.4,78.0,0,0,2,0,0,1,8,2019,0,0,0
2019-08-15,9479949.0,24.9,26.7,23.1,47.2,47.2,0.0,15.4,88.0,1,1,3,0,1,0,8,2019,0,0,0
2019-08-16,15143669.0,24.9,27.7,22.5,1.6,1.6,0.0,23.7,87.0,1,0,4,0,0,1,8,2019,0,0,0
2019-08-17,11583046.0,24.5,27.3,21.9,1.1,1.1,0.0,19.3,81.0,1,0,5,1,0,0,8,2019,0,0,0
2019-08-18,9167117.0,23.6,27.1,20.1,0.1,0.1,0.0,10.1,79.0,0,0,6,1,0,0,8,2019,0,0,0
2019-08-19,15635891.0,23.9,29.0,18.6,0.0,0.0,0.0,8.9,76.0,0,0,0,0,0,1,8,2019,0,0,0
2019-08-20,16047474.0,25.4,30.2,21.0,0.0,0.0,0.0,10.0,74.0,0,0,1,0,0,1,8,2019,0,0,0
2019-08-21,16140980.0,24.9,28.5,22.1,1.6,1.6,0.0,11.0,77.0,1,0,2,0,0,1,8,2019,0,0,0
2019-08-22,16136462.0,24.7,28.8,21.3,0.0,0.0,0.0,15.9,80.0,0,0,3,0,0,1,8,2019,0,0,0
2019-08-23,16974960.0,23.9,27.9,19.2,0.1,0.1,0.0,17.2,77.0,0,0,4,0,0,1,8,2019,0,0,0
2019-08-24,12921308.0,22.3,25.8,18.9,0.7,0.7,0.0,16.1,81.0,0,0,5,1,0,0,8,2019,0,0,0
2019-08-25,9443849.0,22.4,26.5,18.0,0.5,0.5,0.0,10.5,80.0,0,0,6,1,0,0,8,2019,0,0,0
2019-08-26,16027199.0,23.9,28.6,18.5,0.0,0.0,0.0,7.3,78.0,0,0,0,0,0,1,8,2019,0,0,0
2019-08-27,16319525.0,23.7,26.5,21.8,3.6,3.6,0.0,6.6,78.0,1,0,1,0,0,1,8,2019,0,0,0
2019-08-28,16571615.0,23.8,27.3,21.4,0.2,0.2,0.0,16.6,80.0,0,0,2,0,0,1,8,2019,0,0,0
2019-08-29,16004818.0,22.8,26.4,20.4,8.8,8.8,0.0,21.9,89.0,1,0,3,0,0,1,8,2019,0,0,0
2019-08-30,17291942.0,21.4,24.8,17.8,0.4,0.4,0.0,21.9,75.0,0,0,4,0,0,1,8,2019,0,0,0
2019-08-31,13283009.0,21.7,26.6,17.1,0.3,0.3,0.0,14.4,78.0,0,0,5,1,0,0,8,2019,0,0,0
2019-09-01,9723567.0,22.0,26.4,17.5,0.0,0.0,0.0,7.0,78.0,0,0,6,1,0,0,9,2019,0,0,0
2019-09-02,16519702.0,22.7,27.4,17.9,0.0,0.0,0.0,7.4,72.0,0,0,0,0,0,1,9,2019,0,0,0
2019-09-03,16763281.0,22.7,26.1,19.7,0.0,0.0,0.0,14.3,80.0,0,0,1,0,0,1,9,2019,0,0,0
2019-09-04,16302736.0,22.2,24.4,21.0,35.9,35.9,0.0,15.5,89.0,1,1,2,0,0,1,9,2019,0,0,0
2019-09-05,16222718.0,23.2,27.5,21.4,19.5,19.5,0.0,11.2,93.0,1,0,3,0,0,1,9,2019,0,0,0
2019-09-06,17317975.0,23.8,28.9,21.5,9.4,9.4,0.0,17.1,92.0,1,0,4,0,0,1,9,2019,0,0,0
2019-09-07,8867522.0,25.2,28.7,22.2,10.5,10.5,0.0,51.3,82.0,1,0,5,1,0,0,9,2019,0,0,0
2019-09-08,9371444.0,23.6,26.2,21.9,0.2,0.2,0.0,21.7,86.0,0,0,6,1,0,0,9,2019,0,0,0
2019-09-09,16633297.0,23.1,25.8,21.1,1.6,1.6,0.0,10.0,88.0,1,0,0,0,0,1,9,2019,0,0,0
2019-09-10,16445862.0,23.8,27.3,21.9,41.1,41.1,0.0,11.7,88.0,1,1,1,0,0,1,9,2019,0,0,0
2019-09-11,16746169.0,23.7,27.6,21.1,9.8,9.8,0.0,19.9,79.0,1,0,2,0,0,1,9,2019,0,0,0
2019-09-12,7142649.0,20.6,21.7,18.7,1.2,1.2,0.0,15.7,76.0,1,0,3,0,1,0,9,2019,0,0,0
2019-09-13,6593945.0,21.5,26.0,17.5,0.0,0.0,0.0,11.7,73.0,0,0,4,0,1,0,9,2019,0,0,0
2019-09-14,8216832.0,21.6,24.7,19.7,0.8,0.8,0.0,16.1,84.0,0,0,5,1,1,0,9,2019,0,0,0
2019-09-15,8823943.0,22.4,26.5,19.3,0.0,0.0,0.0,15.0,83.0,0,0,6,1,0,0,9,2019,0,0,0
2019-09-16,16108750.0,22.5,27.5,18.9,0.0,0.0,0.0,9.1,68.0,0,0,0,0,0,1,9,2019,0,0,0
2019-09-17,16848897.0,20.5,25.9,16.0,0.0,0.0,0.0,13.7,67.0,0,0,1,0,0,1,9,2019,0,0,0
2019-09-18,17066552.0,18.7,22.0,14.2,0.0,0.0,0.0,20.5,65.0,0,0,2,0,0,1,9,2019,0,0,0
2019-09-19,17159717.0,16.8,23.0,10.4,0.0,0.0,0.0,12.2,67.0,0,0,3,0,0,1,9,2019,0,0,0
2019-09-20,17946138.0,17.7,22.5,12.4,0.0,0.0,0.0,9.7,70.0,0,0,4,0,0,1,9,2019,0,0,0
2019-09-21,13883868.0,18.6,21.3,17.1,1.4,1.4,0.0,9.6,79.0,1,0,5,1,0,0,9,2019,0,0,0
2019-09-22,8845066.0,17.3,18.2,16.4,13.2,13.2,0.0,23.4,78.0,1,0,6,1,0,0,9,2019,0,0,0
2019-09-23,16736817.0,17.7,21.3,14.5,0.0,0.0,0.0,18.7,71.0,0,0,0,0,0,1,9,2019,0,0,0
2019-09-24,17152862.0,17.1,22.6,11.7,0.0,0.0,0.0,12.4,83.0,0,0,1,0,0,1,9,2019,0,0,0
2019-09-25,17210191.0,17.9,23.5,12.6,0.0,0.0,0.0,8.0,84.0,0,0,2,0,0,1,9,2019,0,0,0
2019-09-26,17137645.0,19.7,25.1,14.8,0.0,0.0,0.0,8.6,80.0,0,0,3,0,0,1,9,2019,0,0,0
2019-09-27,17908102.0,20.7,25.6,15.5,0.0,0.0,0.0,9.0,76.0,0,0,4,0,0,1,9,2019,0,0,0
2019-09-28,14540381.0,21.2,26.3,17.6,0.0,0.0,0.0,8.1,80.0,0,0,5,1,0,0,9,2019,0,0,0
2019-09-29,10285671.0,19.9,25.4,15.7,0.0,0.0,0.0,10.4,78.0,0,0,6,1,0,0,9,2019,0,0,0
2019-09-30,16655043.0,19.4,25.7,14.1,0.0,0.0,0.0,7.6,83.0,0,0,0,0,0,1,9,2019,0,0,0
2019-10-01,16870472.0,20.7,26.8,14.5,0.0,0.0,0.0,10.6,81.0,0,0,1,0,0,1,10,2019,0,0,0
2019-10-02,17176940.0,21.0,22.9,19.7,50.4,50.4,0.0,21.9,91.0,1,1,2,0,0,1,10,2019,0,0,0
2019-10-03,11570190.0,21.4,25.9,18.1,16.7,16.7,0.0,22.4,79.0,1,0,3,0,1,0,10,2019,0,0,0
2019-10-04,16974683.0,19.7,24.8,15.9,0.0,0.0,0.0,11.9,84.0,0,0,4,0,0,1,10,2019,0,0,0
2019-10-05,14440923.0,17.4,20.8,14.0,1.7,1.7,0.0,19.2,79.0,1,0,5,1,0,0,10,2019,0,0,0
2019-10-06,9996222.0,16.5,20.5,13.1,0.0,0.0,0.0,17.4,66.0,0,0,6,1,0,0,10,2019,0,0,0
2019-10-07,15802745.0,14.3,16.6,12.4,12.1,12.1,0.0,12.1,86.0,1,0,0,0,0,1,10,2019,0,0,0
2019-10-08,17519806.0,13.4,17.3,9.0,0.0,0.0,0.0,22.7,70.0,0,0,1,0,0,1,10,2019,0,0,0
2019-10-09,11776891.0,12.3,17.2,7.6,0.0,0.0,0.0,9.3,65.0,0,0,2,0,1,0,10,2019,0,0,0
2019-10-10,16861348.0,12.0,16.3,8.6,0.0,0.0,0.0,9.1,81.0,0,0,3,0,0,1,10,2019,0,0,0
2019-10-11,17550734.0,16.6,23.7,11.2,0.0,0.0,0.0,16.1,72.0,0,0,4,0,0,1,10,2019,0,0,0
2019-10-12,14080090.0,15.8,20.9,12.5,0.0,0.0,0.0,26.6,69.0,0,0,5,1,0,0,10,2019,0,0,0
2019-10-13,10116903.0,14.6,20.1,11.0,0.0,0.0,0.0,14.4,72.0,0,0,6,1,0,0,10,2019,0,0,0
2019-10-14,16529570.0,12.5,15.9,7.9,0.0,0.0,0.0,17.7,70.0,0,0,0,0,0,1,10,2019,0,0,0
2019-10-15,16832469.0,12.5,17.2,7.4,0.0,0.0,0.0,14.6,66.0,0,0,1,0,0,1,10,2019,0,0,0
2019-10-16,16777140.0,11.9,17.2,6.7,0.0,0.0,0.0,8.7,78.0,0,0,2,0,0,1,10,2019,0,0,0
2019-10-17,16891540.0,13.1,17.7,8.5,0.0,0.0,0.0,10.5,74.0,0,0,3,0,0,1,10,2019,0,0,0
2019-10-18,17629805.0,14.5,21.1,10.1,0.1,0.1,0.0,16.5,73.0,0,0,4,0,0,1,10,2019,0,0,0
2019-10-19,14296995.0,14.2,19.7,9.2,0.0,0.0,0.0,10.9,79.0,0,0,5,1,0,0,10,2019,0,0,0
2019-10-20,10232509.0,13.4,19.3,9.4,0.0,0.0,0.0,8.0,86.0,0,0,6,1,0,0,10,2019,0,0,0
2019-10-21,16460481.0,14.4,21.4,8.4,0.0,0.0,0.0,10.3,78.0,0,0,0,0,0,1,10,2019,0,0,0
2019-10-22,16814694.0,14.8,20.6,10.4,0.0,0.0,0.0,10.5,76.0,0,0,1,0,0,1,10,2019,0,0,0
2019-10-23,16904957.0,14.8,19.3,11.4,0.0,0.0,0.0,11.7,76.0,0,0,2,0,0,1,10,2019,0,0,0
2019-10-24,17008351.0,16.3,21.4,12.1,0.0,0.0,0.0,18.7,65.0,0,0,3,0,0,1,10,2019,0,0,0
2019-10-25,18304809.0,14.5,19.9,10.1,0.0,0.0,0.0,20.8,76.0,0,0,4,0,0,1,10,2019,0,0,0
2019-10-26,14789690.0,9.3,12.6,6.3,0.0,0.0,0.0,19.4,68.0,0,0,5,1,0,0,10,2019,0,0,0
2019-10-27,10759316.0,9.3,15.1,4.4,0.0,0.0,0.0,13.1,75.0,0,0,6,1,0,0,10,2019,0,0,0
2019-10-28,16803429.0,11.1,16.3,5.6,1.9,1.9,0.0,20.3,76.0,1,0,0,0,0,1,10,2019,0,0,0
2019-10-29,17128381.0,11.4,15.9,6.8,2.2,2.2,0.0,16.2,68.0,1,0,1,0,0,1,10,2019,0,0,0
2019-10-30,17215530.0,8.9,14.5,3.3,0.0,0.0,0.0,13.1,78.0,0,0,2,0,0,1,10,2019,0,0,0
2019-10-31,17130105.0,12.5,18.5,6.0,0.0,0.0,0.0,22.5,84.0,0,0,3,0,0,1,10,2019,0,0,0
2019-11-01,17614381.0,12.7,17.2,9.1,0.0,0.0,0.0,9.0,75.0,0,0,4,0,0,1,11,2019,0,0,0
2019-11-02,13962600.0,11.3,17.1,6.6,0.0,0.0,0.0,10.3,79.0,0,0,5,1,0,0,11,2019,0,0,0
2019-11-03,10294291.0,12.3,18.5,5.8,0.0,0.0,0.0,17.0,73.0,0,0,6,1,0,0,11,2019,0,0,0
2019-11-04,16667630.0,11.5,16.4,8.0,0.0,0.0,0.0,10.8,75.0,0,0,0,0,0,1,11,2019,0,0,0
2019-11-05,16906884.0,9.9,14.9,6.0,0.0,0.0,0.0,12.0,82.0,0,0,1,0,0,1,11,2019,0,0,0
2019-11-06,17012914.0,9.0,13.8,5.4,0.0,0.0,0.0,9.5,79.0,0,0,2,0,0,1,11,2019,0,0,0
2019-11-07,17084608.0,7.3,11.1,3.5,0.0,0.0,0.0,16.7,60.0,0,0,3,0,0,1,11,2019,0,0,0
2019-11-08,17749422.0,3.9,10.1,-2.0,0.0,0.0,0.0,11.6,53.0,0,0,4,0,0,1,11,2019,0,0,0
2019-11-09,14083447.0,7.3,13.7,2.5,0.0,0.0,0.0,10.8,59.0,0,0,5,1,0,0,11,2019,0,0,0
2019-11-10,9863334.0,8.1,14.4,3.3,7.6,7.6,0.0,18.5,73.0,1,0,6,1,0,0,11,2019,0,0,0
2019-11-11,16450966.0,10.2,14.5,5.6,0.7,0.7,0.0,21.3,78.0,0,0,0,0,0,1,11,2019,0,0,0
2019-11-12,16822172.0,8.0,12.0,4.2,0.0,0.0,0.0,7.6,76.0,0,0,1,0,0,1,11,2019,0,0,0
2019-11-13,16589101.0,6.5,11.5,3.3,7.5,7.5,0.0,26.3,85.0,1,0,2,0,0,1,11,2019,0,0,0
2019-11-14,16748970.0,-0.1,2.9,-3.3,0.0,0.0,0.0,25.0,45.0,0,0,3,0,0,1,11,2019,0,0,0
2019-11-15,17116351.0,6.1,11.4,0.1,14.4,14.4,0.0,18.0,81.0,1,0,4,0,0,1,11,2019,0,0,0
2019-11-16,13698245.0,6.2,12.5,1.5,0.0,0.0,0.0,10.2,78.0,0,0,5,1,0,0,11,2019,0,0,0
2019-11-17,9066300.0,7.2,10.5,2.8,32.7,32.7,0.0,23.1,80.0,1,1,6,1,0,0,11,2019,0,0,0
2019-11-18,16452920.0,4.6,12.7,-0.8,8.8,8.8,0.0,28.5,65.0,1,0,0,0,0,1,11,2019,0,0,0
2019-11-19,16701128.0,-0.9,2.5,-4.7,0.0,0.0,0.0,20.0,55.0,0,0,1,0,0,1,11,2019,0,0,0
2019-11-20,16686499.0,-1.4,3.8,-5.4,0.0,0.0,0.0,10.0,56.0,0,0,2,0,0,1,11,2019,0,0,0
2019-11-21,16773231.0,1.2,7.4,-4.3,0.0,0.0,0.0,10.8,55.0,0,0,3,0,0,1,11,2019,0,0,0
2019-11-22,17453394.0,5.9,13.8,0.1,0.0,0.0,0.0,12.6,61.0,0,0,4,0,0,1,11,2019,0,0,0
2019-11-23,13532945.0,7.6,14.3,3.2,0.2,0.2,0.0,13.0,82.0,0,0,5,1,0,0,11,2019,0,0,0
2019-11-24,9547852.0,8.0,15.3,2.9,1.6,1.6,0.0,21.6,87.0,1,0,6,1,0,0,11,2019,0,0,0
2019-11-25,16322152.0,0.9,5.4,-4.3,0.0,0.0,0.0,20.6,63.0,0,0,0,0,0,1,11,2019,0,0,0
2019-11-26,16860579.0,5.3,11.3,2.0,0.0,0.0,0.0,12.1,80.0,0,0,1,0,0,1,11,2019,0,0,0
2019-11-27,17152212.0,1.8,5.3,-1.4,0.0,0.0,0.0,16.9,58.0,0,0,2,0,0,1,11,2019,0,0,0
2019-11-28,17088645.0,2.4,8.1,-2.0,0.0,0.0,0.0,12.1,64.0,0,0,3,0,0,1,11,2019,0,0,0
2019-11-29,17794155.0,-1.1,4.9,-5.1,0.0,0.0,0.0,10.5,68.0,0,0,4,0,0,1,11,2019,0,0,0
2019-11-30,13616999.0,1.6,8.6,-3.2,0.0,0.0,0.0,9.7,62.0,0,0,5,1,0,0,11,2019,0,0,0
2019-12-01,8910417.0,3.5,5.7,1.6,3.1,3.1,0.0,11.2,84.0,1,0,6,1,0,0,12,2019,0,0,0
2019-12-02,16387838.0,-0.9,2.3,-3.5,0.0,0.0,0.0,25.0,62.0,0,0,0,0,0,1,12,2019,0,0,0
2019-12-03,16584112.0,-1.2,3.7,-5.7,1.2,0.2,0.7,10.6,66.0,0,0,1,0,0,1,12,2019,0,0,0
2019-12-04,16868229.0,0.1,4.8,-4.5,0.0,0.0,0.0,15.5,58.0,0,0,2,0,0,1,12,2019,0,0,0
2019-12-05,16837887.0,-4.9,-1.7,-8.3,0.0,0.0,0.0,23.4,39.0,0,0,3,0,0,1,12,2019,0,0,0
2019-12-06,17172754.0,-6.6,-2.1,-9.3,0.0,0.0,0.0,13.7,39.0,0,0,4,0,0,1,12,2019,0,0,0
2019-12-07,13346269.0,-2.1,4.0,-6.5,0.1,0.0,0.07,12.2,63.0,0,0,5,1,0,0,12,2019,0,0,0
2019-12-08,9498646.0,-3.0,3.4,-6.6,0.0,0.0,0.0,10.8,74.0,0,0,6,1,0,0,12,2019,0,0,0
2019-12-09,16322937.0,1.8,8.3,-2.9,0.9,0.9,0.0,13.4,70.0,0,0,0,0,0,1,12,2019,0,0,0
2019-12-10,16699780.0,5.4,10.4,1.2,1.1,1.1,0.0,15.9,87.0,1,0,1,0,0,1,12,2019,0,0,0
2019-12-11,16944845.0,4.7,8.3,-1.4,1.2,1.2,0.0,27.4,79.0,1,0,2,0,0,1,12,2019,0,0,0
2019-12-12,17190796.0,-2.3,1.6,-5.6,0.0,0.0,0.0,14.6,59.0,0,0,3,0,0,1,12,2019,0,0,0
2019-12-13,17959063.0,-0.3,4.5,-4.7,0.7,0.5,0.14,17.1,61.0,0,0,4,0,0,1,12,2019,0,0,0
2019-12-14,14320462.0,0.5,4.0,-3.3,1.6,1.6,0.0,19.6,74.0,1,0,5,1,0,0,12,2019,0,0,0
2019-12-15,9902228.0,2.1,10.4,-3.4,0.0,0.0,0.0,12.7,69.0,0,0,6,1,0,0,12,2019,0,0,0
2019-12-16,16565044.0,4.5,11.0,-0.9,0.0,0.0,0.0,10.9,80.0,0,0,0,0,0,1,12,2019,0,0,0
2019-12-17,16503312.0,6.5,10.1,3.1,6.8,6.8,0.0,19.8,85.0,1,0,1,0,0,1,12,2019,0,0,0
2019-12-18,17150639.0,-1.0,2.4,-5.3,0.0,0.0,0.0,14.8,64.0,0,0,2,0,0,1,12,2019,0,0,0
2019-12-19,17328561.0,-2.7,2.0,-5.8,0.0,0.0,0.0,15.6,57.0,0,0,3,0,0,1,12,2019,0,0,0
2019-12-20,18309510.0,-2.5,0.7,-5.5,0.0,0.0,0.0,12.7,58.0,0,0,4,0,0,1,12,2019,0,0,0
2019-12-21,14243492.0,-1.6,3.9,-6.1,0.8,0.1,0.49,16.0,73.0,0,0,5,1,0,0,12,2019,0,0,0
2019-12-22,10184645.0,1.9,7.1,-1.8,0.0,0.0,0.0,10.8,77.0,0,0,6,1,0,0,12,2019,0,0,0
2019-12-23,16791264.0,1.6,4.9,-3.3,3.7,3.7,0.0,14.1,86.0,1,0,0,0,0,1,12,2019,0,0,0
2019-12-24,17659721.0,-1.4,4.9,-5.6,0.0,0.0,0.0,11.1,72.0,0,0,1,0,0,1,12,2019,0,0,0
2019-12-25,10741178.0,-0.6,6.0,-4.8,0.0,0.0,0.0,9.5,65.0,0,0,2,0,1,0,12,2019,0,0,0
2019-12-26,16513405.0,0.0,2.3,-3.4,1.4,0.2,0.84,19.0,80.0,0,0,3,0,0,1,12,2019,0,0,0
2019-12-27,17252947.0,-3.4,1.2,-6.9,0.0,0.0,0.0,14.4,63.0,0,0,4,0,0,1,12,2019,0,0,0
2019-12-28,13101272.0,-0.6,5.7,-4.4,0.0,0.0,0.0,11.9,58.0,0,0,5,1,0,0,12,2019,0,0,0
2019-12-29,9483008.0,1.5,6.1,-2.1,1.8,1.8,0.0,12.3,65.0,1,0,6,1,0,0,12,2019,0,0,0
2019-12-30,16089703.0,1.4,6.5,-6.0,0.5,0.5,0.0,29.5,78.0,0,0,0,0,0,1,12,2019,0,0,0
2019-12-31,15384569.0,-8.5,-5.5,-12.1,0.0,0.0,0.0,29.6,42.0,0,0,1,0,0,1,12,2019,0,0,0
2020-01-01,6933389.0,-3.1,1.1,-6.9,0.0,0.0,0.0,8.2,65.0,0,0,2,0,1,0,1,2020,0,0,0
2020-01-02,15358067.0,-0.5,3.9,-4.2,0.0,0.0,0.0,14.4,76.0,0,0,3,0,0,1,1,2020,0,0,0
2020-01-03,16423963.0,-1.8,3.9,-5.3,0.0,0.0,0.0,11.8,72.0,0,0,4,0,0,1,1,2020,0,0,0
2020-01-04,12055401.0,-0.6,5.6,-4.0,0.0,0.0,0.0,15.4,61.0,0,0,5,1,0,0,1,2020,0,0,0
2020-01-05,8825002.0,-0.8,5.1,-5.4,0.0,0.0,0.0,9.2,54.0,0,0,6,1,0,0,1,2020,0,0,0
2020-01-06,15612951.0,0.7,3.1,-2.7,2.1,2.0,0.07,16.0,69.0,1,0,0,0,0,1,1,2020,0,0,0
2020-01-07,15223741.0,4.9,6.8,2.8,46.4,46.4,0.0,22.6,92.0,1,1,1,0,0,1,1,2020,0,0,0
2020-01-08,15964822.0,2.5,7.1,-2.8,10.9,10.4,0.35,29.8,87.0,1,0,2,0,0,1,1,2020,0,0,0
2020-01-09,16215976.0,-2.9,1.7,-6.2,0.0,0.0,0.0,16.4,73.0,0,0,3,0,0,1,1,2020,0,0,0
2020-01-10,16901380.0,-2.6,3.3,-6.1,0.0,0.0,0.0,10.0,73.0,0,0,4,0,0,1,1,2020,0,0,0
2020-01-11,12870356.0,-1.5,2.8,-5.4,0.0,0.0,0.0,13.0,73.0,0,0,5,1,0,0,1,2020,0,0,0
2020-01-12,9208397.0,-2.4,1.7,-6.1,0.0,0.0,0.0,14.6,69.0,0,0,6,1,0,0,1,2020,0,0,0
2020-01-13,15836005.0,-4.1,-0.7,-6.4,0.0,0.0,0.0,18.7,63.0,0,0,0,0,0,1,1,2020,0,0,0
2020-01-14,16074553.0,-3.7,1.8,-6.5,0.0,0.0,0.0,9.8,59.0,0,0,1,0,0,1,1,2020,0,0,0
2020-01-15,16218847.0,-4.0,1.2,-7.6,0.0,0.0,0.0,13.1,61.0,0,0,2,0,0,1,1,2020,0,0,0
2020-01-16,16242798.0,-3.5,2.7,-6.3,0.0,0.0,0.0,11.4,52.0,0,0,3,0,0,1,1,2020,0,0,0
2020-01-17,16956830.0,-2.3,4.4,-5.8,0.0,0.0,0.0,9.6,51.0,0,0,4,0,0,1,1,2020,0,0,0
2020-01-18,12771639.0,-1.7,4.7,-5.0,0.0,0.0,0.0,12.6,60.0,0,0,5,1,0,0,1,2020,0,0,0
2020-01-19,9040264.0,-0.2,5.3,-3.8,0.4,0.4,0.0,25.6,77.0,0,0,6,1,0,0,1,2020,0,0,0
2020-01-20,16019293.0,-0.5,4.5,-4.6,0.0,0.0,0.0,23.9,65.0,0,0,0,0,0,1,1,2020,0,0,0
2020-01-21,16098890.0,-3.0,2.5,-6.9,0.0,0.0,0.0,9.4,56.0,0,0,1,0,0,1,1,2020,0,0,0
2020-01-22,16090362.0,1.0,6.3,-2.3,0.0,0.0,0.0,9.5,63.0,0,0,2,0,0,1,1,2020,0,0,0
2020-01-23,15259101.0,2.5,8.6,-1.2,0.0,0.0,0.0,14.8,68.0,0,0,3,0,0,1,1,2020,0,0,0
2020-01-24,6515248.0,0.8,6.9,-4.3,0.0,0.0,0.0,9.1,81.0,0,0,4,0,1,0,1,2020,0,0,0
2020-01-25,5612643.0,2.1,8.7,-2.8,0.0,0.0,0.0,11.8,78.0,0,0,5,1,1,0,1,2020,0,0,0
2020-01-26,7287571.0,2.9,10.2,-3.6,0.0,0.0,0.0,22.7,69.0,0,0,6,1,1,0,1,2020,0,0,0
2020-01-27,7529876.0,4.3,6.5,2.9,3.0,3.0,0.0,26.8,68.0,1,0,0,0,1,0,1,2020,0,0,0
2020-01-28,14218734.0,4.8,8.8,2.4,0.8,0.8,0.0,14.9,74.0,0,0,1,0,0,1,1,2020,0,0,0
2020-01-29,15008142.0,3.4,8.5,-1.9,0.0,0.0,0.0,10.7,71.0,0,0,2,0,0,1,1,2020,0,0,0
2020-01-30,15034273.0,2.8,6.8,-1.7,0.3,0.3,0.0,8.9,74.0,0,0,3,0,0,1,1,2020,0,0,0
2020-01-31,15262872.0,1.6,7.1,-1.6,0.0,0.0,0.0,16.5,80.0,0,0,4,0,0,1,1,2020,0,0,0
2020-02-01,9802719.0,0.3,6.0,-4.6,0.0,0.0,0.0,13.3,82.0,0,0,5,1,0,0,2,2020,1,0,1
2020-02-02,7006845.0,-0.8,3.6,-5.2,0.0,0.0,0.0,10.9,68.0,0,0,6,1,0,0,2,2020,1,0,1
2020-02-03,13994343.0,-2.1,1.8,-5.3,0.0,0.0,0.0,19.3,56.0,0,0,0,0,0,1,2,2020,1,0,1
2020-02-04,14141704.0,-2.2,3.4,-6.5,1.0,0.0,0.7,22.6,61.0,0,0,1,0,0,1,2,2020,1,0,1
2020-02-05,13785128.0,-8.3,-4.7,-11.9,0.0,0.0,0.0,24.2,32.0,0,0,2,0,0,1,2,2020,1,0,1
2020-02-06,13622533.0,-7.2,-1.6,-10.2,0.0,0.0,0.0,8.9,30.0,0,0,3,0,0,1,2,2020,1,0,1
2020-02-07,14365084.0,-3.2,1.9,-7.8,0.0,0.0,0.0,13.0,50.0,0,0,4,0,0,1,2,2020,1,0,1
2020-02-08,9360945.0,-1.4,2.8,-4.5,0.0,0.0,0.0,23.2,63.0,0,0,5,1,0,0,2,2020,1,0,1
2020-02-09,6884527.0,-2.7,3.0,-7.8,0.0,0.0,0.0,18.2,65.0,0,0,6,1,0,0,2,2020,1,0,1
2020-02-10,13912141.0,1.5,8.1,-3.0,0.0,0.0,0.0,12.6,73.0,0,0,0,0,0,1,2,2020,1,0,1
2020-02-11,14364608.0,3.0,12.7,-3.2,0.0,0.0,0.0,12.6,63.0,0,0,1,0,0,1,2,2020,1,0,1
2020-02-12,13943631.0,4.9,6.6,3.0,8.4,8.4,0.0,13.2,81.0,1,0,2,0,0,1,2,2020,1,0,1
2020-02-13,14603365.0,4.3,9.5,-0.2,0.0,0.0,0.0,9.0,90.0,0,0,3,0,0,1,2,2020,1,0,1
2020-02-14,15422032.0,5.5,12.7,0.5,0.0,0.0,0.0,10.1,88.0,0,0,4,0,0,1,2,2020,1,0,1
2020-02-15,10533822.0,7.3,14.3,2.2,3.5,3.5,0.0,15.9,82.0,1,0,5,1,0,0,2,2020,1,0,1
2020-02-16,7328890.0,-0.7,5.8,-4.8,8.7,5.2,2.45,28.8,74.0,1,0,6,1,0,0,2,2020,1,0,1
2020-02-17,14374929.0,-5.9,-4.1,-8.4,0.0,0.0,0.0,20.8,54.0,0,0,0,0,0,1,2,2020,1,0,1
2020-02-18,14391023.0,-4.7,1.6,-8.5,0.0,0.0,0.0,16.2,50.0,0,0,1,0,0,1,2,2020,1,0,1
2020-02-19,14593201.0,-0.7,6.7,-5.7,0.0,0.0,0.0,10.8,69.0,0,0,2,0,0,1,2,2020,1,0,1
2020-02-20,14317165.0,1.7,9.7,-3.1,0.0,0.0,0.0,11.7,76.0,0,0,3,0,0,1,2,2020,1,0,1
2020-02-21,14058305.0,4.1,10.1,-1.4,3.8,3.8,0.0,13.8,80.0,1,0,4,0,0,1,2,2020,1,0,1
2020-02-22,8291748.0,3.2,6.2,-1.6,2.2,2.2,0.0,32.4,73.0,1,0,5,1,0,0,2,2020,1,0,1
2020-02-23,5473681.0,0.0,5.8,-5.3,0.0,0.0,0.0,16.5,65.0,0,0,6,1,0,0,2,2020,1,0,1
2020-02-24,11850347.0,3.8,10.8,-1.9,0.0,0.0,0.0,9.6,74.0,0,0,0,0,0,1,2,2020,1,0,1
2020-02-25,10869665.0,5.0,7.0,3.7,26.9,26.9,0.0,25.6,85.0,1,0,1,0,0,1,2,2020,1,0,1
2020-02-26,10891001.0,5.1,10.2,-0.7,0.2,0.2,0.0,18.0,76.0,0,0,2,0,0,1,2,2020,1,0,1
2020-02-27,10561115.0,4.4,8.6,0.9,0.0,0.0,0.0,11.8,68.0,0,0,3,0,0,1,2,2020,1,0,1
2020-02-28,10208806.0,3.4,4.7,1.6,5.3,5.3,0.0,10.5,87.0,1,0,4,0,0,1,2,2020,1,0,1
2020-02-29,5687849.0,5.7,11.1,2.2,0.0,0.0,0.0,10.4,80.0,0,0,5,1,0,0,2,2020,1,0,1
2020-03-01,3745292.0,4.3,11.0,0.5,0.1,0.1,0.0,17.8,81.0,0,0,6,1,1,0,3,2020,1,0,1
2020-03-02,10099782.0,2.1,6.7,-1.9,0.0,0.0,0.0,17.9,67.0,0,0,0,0,0,1,3,2020,1,0,1
2020-03-03,10101907.0,2.5,9.7,-3.3,0.0,0.0,0.0,17.1,73.0,0,0,1,0,0,1,3,2020,1,0,1
2020-03-04,10066585.0,1.5,4.2,-1.9,0.1,0.0,0.07,30.4,69.0,0,0,2,0,0,1,3,2020,1,0,1
2020-03-05,10126553.0,-0.5,5.1,-4.4,0.0,0.0,0.0,16.0,62.0,0,0,3,0,0,1,3,2020,1,0,1
2020-03-06,10509391.0,0.6,7.1,-5.5,0.0,0.0,0.0,9.8,59.0,0,0,4,0,0,1,3,2020,1,0,1
2020-03-07,6071093.0,4.3,11.6,-1.0,0.0,0.0,0.0,11.7,58.0,0,0,5,1,0,0,3,2020,1,0,1
2020-03-08,4271704.0,5.8,14.0,-0.6,0.0,0.0,0.0,10.3,71.0,0,0,6,1,0,0,3,2020,1,0,1
2020-03-09,10628969.0,7.7,14.6,0.5,0.3,0.3,0.0,13.0,65.0,0,0,0,0,0,1,3,2020,1,0,1
2020-03-10,10120597.0,6.0,7.9,2.2,7.0,7.0,0.0,23.8,84.0,1,0,1,0,0,1,3,2020,1,0,1
2020-03-11,10470617.0,2.2,7.3,-1.9,0.0,0.0,0.0,20.6,53.0,0,0,2,0,0,1,3,2020,1,0,1
2020-03-12,10278445.0,4.1,11.8,-1.9,0.0,0.0,0.0,19.9,69.0,0,0,3,0,0,1,3,2020,1,0,1
2020-03-13,10570314.0,3.7,6.0,-1.1,0.0,0.0,0.0,20.9,52.0,0,0,4,0,0,1,3,2020,1,0,1
2020-03-14,6318506.0,1.5,6.8,-4.5,0.0,0.0,0.0,23.2,67.0,0,0,5,1,0,0,3,2020,1,0,1
2020-03-15,4228801.0,2.8,7.7,-1.6,0.0,0.0,0.0,32.9,59.0,0,0,6,1,0,0,3,2020,1,0,1
2020-03-16,10412759.0,0.8,6.7,-5.1,0.0,0.0,0.0,19.4,58.0,0,0,0,0,0,1,3,2020,1,0,1
2020-03-17,10386272.0,4.5,11.5,0.2,0.0,0.0,0.0,20.9,84.0,0,0,1,0,0,1,3,2020,1,0,1
2020-03-18,10709666.0,6.5,15.1,-1.0,0.0,0.0,0.0,17.3,67.0,0,0,2,0,0,1,3,2020,1,0,1
2020-03-19,10183251.0,7.8,10.0,4.9,2.1,2.1,0.0,38.9,61.0,1,0,3,0,0,1,3,2020,1,0,1
2020-03-20,11131560.0,6.5,11.8,1.0,0.0,0.0,0.0,24.5,55.0,0,0,4,0,0,1,3,2020,1,0,1
2020-03-21,6632749.0,9.3,17.3,3.0,4.2,4.2,0.0,13.8,77.0,1,0,5,1,0,0,3,2020,1,0,1
2020-03-22,4620973.0,8.6,14.5,2.2,0.0,0.0,0.0,21.7,56.0,0,0,6,1,0,0,3,2020,1,0,1
2020-03-23,10702185.0,7.5,14.3,1.0,0.0,0.0,0.0,18.4,66.0,0,0,0,0,0,1,3,2020,1,0,1
2020-03-24,10740785.0,8.3,15.1,0.8,0.0,0.0,0.0,12.2,58.0,0,0,1,0,0,1,3,2020,1,0,1
2020-03-25,10917489.0,8.9,16.6,2.1,0.0,0.0,0.0,13.0,63.0,0,0,2,0,0,1,3,2020,1,0,1
2020-03-26,10632561.0,12.1,19.5,4.9,1.1,1.1,0.0,10.1,66.0,1,0,3,0,0,1,3,2020,1,0,1
2020-03-27,11112367.0,11.0,13.8,6.1,2.7,2.7,0.0,21.4,67.0,1,0,4,0,0,1,3,2020,1,0,1
2020-03-28,6766065.0,6.3,10.6,3.1,0.0,0.0,0.0,18.6,30.0,0,0,5,1,0,0,3,2020,1,0,1
2020-03-29,4714091.0,5.9,12.8,-2.1,0.0,0.0,0.0,12.6,52.0,0,0,6,1,0,0,3,2020,1,0,1
2020-03-30,10838050.0,7.5,14.0,1.4,0.0,0.0,0.0,12.1,60.0,0,0,0,0,0,1,3,2020,1,0,1
2020-03-31,10886179.0,9.0,16.0,1.4,0.0,0.0,0.0,11.3,58.0,0,0,1,0,0,1,3,2020,1,0,1
2020-04-01,10912975.0,10.3,16.8,4.8,0.0,0.0,0.0,28.0,46.0,0,0,2,0,0,1,4,2020,1,0,1
2020-04-02,10886085.0,6.9,13.7,0.8,0.0,0.0,0.0,19.8,65.0,0,0,3,0,0,1,4,2020,1,0,1
2020-04-03,11348257.0,7.9,14.3,2.7,0.0,0.0,0.0,21.4,70.0,0,0,4,0,0,1,4,2020,1,0,1
2020-04-04,6854942.0,7.9,12.8,5.1,0.0,0.0,0.0,29.5,45.0,0,0,5,1,0,0,4,2020,1,0,1
2020-04-05,4729798.0,5.7,13.1,-1.4,0.0,0.0,0.0,22.9,35.0,0,0,6,1,0,0,4,2020,1,0,1
2020-04-06,11141456.0,6.9,13.6,0.1,0.0,0.0,0.0,19.0,57.0,0,0,0,0,0,1,4,2020,1,0,1
2020-04-07,11198818.0,8.9,15.8,2.9,0.0,0.0,0.0,20.1,73.0,0,0,1,0,0,1,4,2020,1,0,1
2020-04-08,11263549.0,8.2,13.5,3.1,0.0,0.0,0.0,23.4,33.0,0,0,2,0,0,1,4,2020,1,0,1
2020-04-09,11242926.0,7.3,15.3,1.1,0.0,0.0,0.0,26.2,54.0,0,0,3,0,0,1,4,2020,1,0,1
2020-04-10,11649729.0,8.9,14.1,3.3,0.0,0.0,0.0,10.2,62.0,0,0,4,0,0,1,4,2020,1,0,1
2020-04-11,7169411.0,8.4,13.4,4.6,0.2,0.2,0.0,18.2,73.0,0,0,5,1,0,0,4,2020,1,0,1
2020-04-12,4911601.0,8.5,14.0,2.2,0.0,0.0,0.0,25.8,66.0,0,0,6,1,0,0,4,2020,1,0,1
2020-04-13,11378745.0,10.4,19.1,2.6,0.0,0.0,0.0,21.1,45.0,0,0,0,0,0,1,4,2020,1,0,1
2020-04-14,11757605.0,10.4,18.0,3.4,0.0,0.0,0.0,20.4,59.0,0,0,1,0,0,1,4,2020,1,0,1
2020-04-15,6301104.0,11.8,19.7,5.6,0.0,0.0,0.0,18.7,56.0,0,0,2,0,1,0,4,2020,1,0,1
2020-04-16,11543344.0,14.3,23.4,6.6,0.0,0.0,0.0,16.4,49.0,0,0,3,0,0,1,4,2020,1,0,1
2020-04-17,11489604.0,11.5,13.9,9.3,13.7,13.7,0.0,21.1,77.0,1,0,4,0,0,1,4,2020,1,0,1
2020-04-18,7763131.0,12.0,17.7,7.2,0.6,0.6,0.0,15.1,74.0,0,0,5,1,0,0,4,2020,1,0,1
2020-04-19,4959446.0,11.6,16.2,8.8,8.6,8.6,0.0,16.6,77.0,1,0,6,1,0,0,4,2020,1,0,1
2020-04-20,11632313.0,9.9,13.4,6.9,1.0,1.0,0.0,32.7,75.0,1,0,0,0,0,1,4,2020,1,0,1
2020-04-21,11880569.0,7.1,10.3,3.9,0.0,0.0,0.0,38.2,49.0,0,0,1,0,0,1,4,2020,1,0,1
2020-04-22,11800654.0,5.5,7.4,3.4,0.0,0.0,0.0,26.0,42.0,0,0,2,0,0,1,4,2020,1,0,1
2020-04-23,12014003.0,6.8,11.9,2.3,0.0,0.0,0.0,29.0,52.0,0,0,3,0,0,1,4,2020,1,0,1
2020-04-24,12650774.0,8.1,13.6,1.5,0.0,0.0,0.0,36.4,61.0,0,0,4,0,0,1,4,2020,1,0,1
2020-04-25,8190863.0,12.1,16.4,7.9,0.0,0.0,0.0,32.0,56.0,0,0,5,1,0,0,4,2020,1,0,1
2020-04-26,5829532.0,10.5,17.5,3.8,0.0,0.0,0.0,26.3,49.0,0,0,6,1,0,0,4,2020,1,0,1
2020-04-27,12246778.0,10.4,16.0,4.7,0.3,0.3,0.0,20.3,63.0,0,0,0,0,0,1,4,2020,1,0,1
2020-04-28,12494449.0,11.9,18.7,5.4,0.0,0.0,0.0,25.8,57.0,0,0,1,0,0,1,4,2020,1,0,1
2020-04-29,13085888.0,13.2,20.5,6.6,0.0,0.0,0.0,19.9,57.0,0,0,2,0,0,1,4,2020,1,0,1
2020-04-30,7474372.0,15.1,22.0,7.6,0.0,0.0,0.0,21.7,62.0,0,0,3,0,1,0,4,2020,1,0,1
2020-05-01,8166880.0,18.7,26.0,14.8,0.0,0.0,0.0,21.3,75.0,0,0,4,0,0,1,5,2020,1,0,1
2020-05-02,7667247.0,18.0,22.3,15.9,0.4,0.4,0.0,17.4,85.0,0,0,5,1,0,0,5,2020,1,0,1
2020-05-03,5956823.0,20.2,26.5,15.1,0.0,0.0,0.0,12.8,69.0,0,0,6,1,0,0,5,2020,1,0,1
2020-05-04,11119095.0,18.1,23.6,13.2,0.0,0.0,0.0,18.2,71.0,0,0,0,0,0,1,5,2020,1,0,1
2020-05-05,6579787.0,14.4,20.4,11.3,0.7,0.7,0.0,16.2,80.0,0,0,1,0,1,0,5,2020,1,0,1
2020-05-06,13035258.0,17.5,26.2,8.9,0.0,0.0,0.0,14.4,58.0,0,0,2,0,0,1,5,2020,1,0,1
2020-05-07,13193116.0,19.3,25.5,12.4,0.1,0.1,0.0,16.1,36.0,0,0,3,0,0,1,5,2020,1,0,1
2020-05-08,13585021.0,18.7,25.6,13.1,3.5,3.5,0.0,17.5,32.0,1,0,4,0,0,1,5,2020,1,0,1
2020-05-09,7648591.0,15.1,18.6,12.9,29.7,29.7,0.0,25.6,88.0,1,0,5,1,0,0,5,2020,1,0,1
2020-05-10,6138834.0,14.0,17.2,12.0,0.6,0.6,0.0,19.6,87.0,0,0,6,1,0,0,5,2020,1,0,1
2020-05-11,12780262.0,15.0,20.2,11.2,1.5,1.5,0.0,21.1,70.0,1,0,0,0,0,1,5,2020,1,0,1
2020-05-12,12682828.0,13.5,18.2,8.8,5.3,5.3,0.0,25.7,72.0,1,0,1,0,0,1,5,2020,1,0,1
2020-05-13,12807657.0,13.6,19.2,8.1,0.0,0.0,0.0,25.4,65.0,0,0,2,0,0,1,5,2020,1,0,1
2020-05-14,12681615.0,16.7,23.9,10.4,0.0,0.0,0.0,9.7,51.0,0,0,3,0,0,1,5,2020,1,0,1
2020-05-15,12503437.0,14.9,16.9,13.4,13.8,13.8,0.0,23.6,79.0,1,0,4,0,0,1,5,2020,1,0,1
2020-05-16,8199417.0,16.1,19.9,14.3,1.0,1.0,0.0,11.8,88.0,1,0,5,1,0,0,5,2020,1,0,1
2020-05-17,6079712.0,17.4,23.0,12.8,0.0,0.0,0.0,11.0,83.0,0,0,6,1,0,0,5,2020,1,0,1
2020-05-18,12190000.0,18.7,26.5,12.9,30.7,30.7,0.0,28.8,79.0,1,1,0,0,0,1,5,2020,1,0,1
2020-05-19,12312587.0,12.4,15.6,9.5,7.7,7.7,0.0,24.7,77.0,1,0,1,0,0,1,5,2020,1,0,1
2020-05-20,13065486.0,12.6,17.5,8.1,0.0,0.0,0.0,13.0,69.0,0,0,2,0,0,1,5,2020,1,0,1
2020-05-21,13001039.0,15.2,20.2,9.5,0.0,0.0,0.0,10.0,66.0,0,0,3,0,0,1,5,2020,1,0,1
2020-05-22,13356365.0,17.0,22.2,12.3,0.2,0.2,0.0,14.4,77.0,0,0,4,0,0,1,5,2020,1,0,1
2020-05-23,9046908.0,17.6,22.8,14.5,0.0,0.0,0.0,19.6,79.0,0,0,5,1,0,0,5,2020,1,0,1
2020-05-24,5876210.0,16.4,21.2,13.6,12.5,12.5,0.0,24.8,85.0,1,0,6,1,0,0,5,2020,1,0,1
2020-05-25,12892762.0,15.2,19.7,12.9,0.0,0.0,0.0,13.1,85.0,0,0,0,0,0,1,5,2020,1,0,1
2020-05-26,12913816.0,15.3,20.9,12.2,4.5,4.5,0.0,19.1,85.0,1,0,1,0,0,1,5,2020,1,0,1
2020-05-27,13208387.0,15.6,22.3,11.4,0.1,0.1,0.0,19.9,81.0,0,0,2,0,0,1,5,2020,1,0,1
2020-05-28,12980157.0,16.4,21.6,11.8,2.1,2.1,0.0,14.1,75.0,1,0,3,0,0,1,5,2020,1,0,1
2020-05-29,13358885.0,18.1,25.1,12.0,0.0,0.0,0.0,12.0,74.0,0,0,4,0,0,1,5,2020,1,0,1
2020-05-30,8632510.0,20.5,27.6,14.0,0.0,0.0,0.0,12.2,68.0,0,0,5,1,0,0,5,2020,1,0,1
2020-05-31,5971727.0,19.9,26.0,15.2,0.1,0.1,0.0,20.9,68.0,0,0,6,1,0,0,5,2020,1,0,1
2020-06-01,12657392.0,18.6,22.5,14.8,0.3,0.3,0.0,26.2,72.0,0,0,0,0,0,1,6,2020,1,0,1
2020-06-02,12390336.0,15.9,20.2,12.2,10.9,10.9,0.0,26.8,79.0,1,0,1,0,0,1,6,2020,1,0,1
2020-06-03,12913554.0,19.9,26.0,16.5,0.1,0.1,0.0,15.8,80.0,0,0,2,0,0,1,6,2020,1,0,1
2020-06-04,12871264.0,19.9,23.7,17.6,0.3,0.3,0.0,19.3,85.0,0,0,3,0,0,1,6,2020,1,0,1
2020-06-05,13338687.0,21.1,26.9,16.8,0.0,0.0,0.0,11.9,75.0,0,0,4,0,0,1,6,2020,1,0,1
2020-06-06,7927261.0,22.7,29.3,16.4,0.0,0.0,0.0,13.3,71.0,0,0,5,1,1,0,6,2020,1,0,1
2020-06-07,6029661.0,21.1,27.9,17.0,0.0,0.0,0.0,22.4,76.0,0,0,6,1,0,0,6,2020,1,0,1
2020-06-08,12634776.0,22.6,30.0,17.1,0.0,0.0,0.0,19.5,71.0,0,0,0,0,0,1,6,2020,1,0,1
2020-06-09,12768352.0,25.0,31.4,17.9,0.0,0.0,0.0,18.2,56.0,0,0,1,0,0,1,6,2020,1,0,1
2020-06-10,12861269.0,24.9,30.8,20.1,17.8,17.8,0.0,18.0,63.0,1,0,2,0,0,1,6,2020,1,0,1
2020-06-11,12778809.0,24.1,29.3,20.0,4.2,4.2,0.0,13.2,77.0,1,0,3,0,0,1,6,2020,1,0,1
2020-06-12,13247958.0,22.8,27.2,19.9,0.0,0.0,0.0,12.6,81.0,0,0,4,0,0,1,6,2020,1,0,1
2020-06-13,8608565.0,24.2,30.1,18.7,0.2,0.2,0.0,14.3,67.0,0,0,5,1,0,0,6,2020,1,0,1
2020-06-14,6050046.0,22.1,27.6,18.3,3.0,3.0,0.0,23.0,76.0,1,0,6,1,0,0,6,2020,1,0,1
2020-06-15,12806301.0,20.7,25.4,16.2,0.0,0.0,0.0,23.8,76.0,0,0,0,0,0,1,6,2020,1,0,1
2020-06-16,12937734.0,22.2,28.2,18.1,0.0,0.0,0.0,14.5,71.0,0,0,1,0,0,1,6,2020,1,0,1
2020-06-17,13035222.0,22.3,27.6,18.1,0.0,0.0,0.0,17.6,65.0,0,0,2,0,0,1,6,2020,1,0,1
2020-06-18,12997997.0,21.6,26.6,18.3,0.0,0.0,0.0,12.6,70.0,0,0,3,0,0,1,6,2020,1,0,1
2020-06-19,13454881.0,23.3,29.3,19.6,0.2,0.2,0.0,13.8,66.0,0,0,4,0,0,1,6,2020,1,0,1
2020-06-20,8834358.0,23.2,29.0,19.1,0.0,0.0,0.0,17.9,70.0,0,0,5,1,0,0,6,2020,1,0,1
2020-06-21,6194623.0,24.4,31.3,18.4,0.2,0.2,0.0,14.1,66.0,0,0,6,1,0,0,6,2020,1,0,1
2020-06-22,12748044.0,27.0,34.2,20.3,0.0,0.0,0.0,16.9,56.0,0,0,0,0,0,1,6,2020,1,0,1
2020-06-23,13047635.0,25.7,32.1,21.0,0.0,0.0,0.0,16.6,57.0,0,0,1,0,0,1,6,2020,1,0,1
2020-06-24,12544870.0,22.6,25.1,20.1,32.5,32.5,0.0,20.4,76.0,1,1,2,0,0,1,6,2020,1,0,1
2020-06-25,12958621.0,21.4,22.9,20.3,6.0,6.0,0.0,12.7,89.0,1,0,3,0,0,1,6,2020,1,0,1
2020-06-26,13705001.0,20.7,23.8,18.9,1.6,1.6,0.0,23.1,87.0,1,0,4,0,0,1,6,2020,1,0,1
2020-06-27,9183200.0,21.9,26.6,19.1,0.6,0.6,0.0,15.5,81.0,0,0,5,1,0,0,6,2020,1,0,1
2020-06-28,6462152.0,22.4,27.9,18.8,1.1,1.1,0.0,18.1,82.0,1,0,6,1,0,0,6,2020,1,0,1
2020-06-29,12962515.0,22.5,26.7,18.8,12.6,12.6,0.0,23.9,83.0,1,0,0,0,0,1,6,2020,1,0,1
2020-06-30,12776898.0,19.7,21.1,17.6,48.2,48.2,0.0,32.1,85.0,1,1,1,0,0,1,6,2020,1,0,1
2020-07-01,13269273.0,19.6,23.7,17.1,7.7,7.7,0.0,13.4,87.0,1,0,2,0,0,1,7,2020,1,0,1
2020-07-02,13300872.0,21.9,27.7,16.9,0.0,0.0,0.0,9.7,82.0,0,0,3,0,0,1,7,2020,1,0,1
2020-07-03,13762347.0,23.7,28.4,19.7,1.0,1.0,0.0,15.8,74.0,1,0,4,0,0,1,7,2020,1,0,1
2020-07-04,9141725.0,21.9,26.3,19.0,2.8,2.8,0.0,15.1,79.0,1,0,5,1,0,0,7,2020,1,0,1
2020-07-05,6394705.0,21.5,25.6,18.2,0.0,0.0,0.0,12.6,81.0,0,0,6,1,0,0,7,2020,1,0,1
2020-07-06,13148230.0,23.3,28.2,19.4,0.0,0.0,0.0,16.6,76.0,0,0,0,0,0,1,7,2020,1,0,1
2020-07-07,13278851.0,22.7,26.1,20.5,1.4,1.4,0.0,13.8,83.0,1,0,1,0,0,1,7,2020,1,0,1
2020-07-08,13420630.0,23.0,27.8,19.2,0.1,0.1,0.0,14.5,82.0,0,0,2,0,0,1,7,2020,1,0,1
2020-07-09,13373711.0,25.2,30.5,19.7,0.5,0.5,0.0,9.0,74.0,0,0,3,0,0,1,7,2020,1,0,1
2020-07-10,13582017.0,23.7,26.0,20.6,26.3,26.3,0.0,16.8,81.0,1,0,4,0,0,1,7,2020,1,0,1
2020-07-11,9222124.0,24.2,28.9,20.1,0.0,0.0,0.0,18.0,68.0,0,0,5,1,0,0,7,2020,1,0,1
2020-07-12,6376493.0,22.6,26.0,20.4,12.4,12.4,0.0,12.8,75.0,1,0,6,1,0,0,7,2020,1,0,1
2020-07-13,12502801.0,19.7,21.7,18.3,42.1,42.1,0.0,25.2,85.0,1,1,0,0,0,1,7,2020,1,0,1
2020-07-14,13293338.0,19.0,20.8,17.5,15.3,15.3,0.0,19.8,84.0,1,0,1,0,0,1,7,2020,1,0,1
2020-07-15,13691880.0,21.1,26.2,17.6,0.0,0.0,0.0,11.6,75.0,0,0,2,0,0,1,7,2020,1,0,1
2020-07-16,13532059.0,21.9,27.3,16.7,0.2,0.2,0.0,13.6,83.0,0,0,3,0,0,1,7,2020,1,0,1
2020-07-17,13855329.0,23.7,28.6,19.8,1.2,1.2,0.0,13.8,84.0,1,0,4,0,0,1,7,2020,1,0,1
2020-07-18,9253130.0,23.9,28.1,21.1,1.4,1.4,0.0,11.5,82.0,1,0,5,1,0,0,7,2020,1,0,1
2020-07-19,5678099.0,23.3,26.2,20.8,13.5,13.5,0.0,20.5,85.0,1,0,6,1,0,0,7,2020,1,0,1
2020-07-20,12810840.0,23.4,25.3,20.8,14.1,14.1,0.0,29.2,89.0,1,0,0,0,0,1,7,2020,1,0,1
2020-07-21,13506969.0,23.4,28.5,19.6,0.2,0.2,0.0,11.2,83.0,0,0,1,0,0,1,7,2020,1,0,1
2020-07-22,13154981.0,22.7,24.1,21.0,9.4,9.4,0.0,10.5,92.0,1,0,2,0,0,1,7,2020,1,0,1
2020-07-23,12951821.0,21.2,22.3,19.2,99.6,99.6,0.0,38.5,90.0,1,1,3,0,0,1,7,2020,1,0,1
2020-07-24,13638799.0,21.9,25.5,19.0,20.8,20.8,0.0,30.4,78.0,1,0,4,0,0,1,7,2020,1,0,1
2020-07-25,9178734.0,22.6,26.7,19.6,3.5,3.5,0.0,19.6,82.0,1,0,5,1,0,0,7,2020,1,0,1
2020-07-26,6496589.0,23.7,27.6,19.5,0.8,0.8,0.0,14.3,78.0,0,0,6,1,0,0,7,2020,1,0,1
2020-07-27,12872527.0,23.0,24.8,21.7,9.7,9.7,0.0,11.4,91.0,1,0,0,0,0,1,7,2020,1,0,1
2020-07-28,13208493.0,23.1,25.4,21.3,4.5,4.5,0.0,11.6,87.0,1,0,1,0,0,1,7,2020,1,0,1
2020-07-29,12887081.0,23.6,26.6,22.1,33.8,33.8,0.0,11.8,93.0,1,1,2,0,0,1,7,2020,1,0,1
2020-07-30,13171667.0,23.8,26.4,20.8,5.5,5.5,0.0,15.1,91.0,1,0,3,0,0,1,7,2020,1,0,1
2020-07-31,13652352.0,23.8,28.6,20.0,2.7,2.7,0.0,16.6,89.0,1,0,4,0,0,1,7,2020,1,0,1
2020-08-01,7863434.0,24.0,25.4,23.1,44.5,44.5,0.0,22.0,96.0,1,1,5,1,0,0,8,2020,1,0,1
2020-08-02,5394284.0,24.4,26.3,22.7,33.6,33.6,0.0,19.5,95.0,1,1,6,1,0,0,8,2020,1,0,1
2020-08-03,11580857.0,24.4,25.5,23.8,28.8,28.8,0.0,24.2,96.0,1,0,0,0,0,1,8,2020,1,0,1
2020-08-04,12221557.0,25.4,28.3,24.0,39.5,39.5,0.0,20.1,94.0,1,1,1,0,0,1,8,2020,1,0,1
2020-08-05,12293659.0,25.0,26.9,23.1,72.7,72.7,0.0,17.0,94.0,1,1,2,0,0,1,8,2020,1,0,1
2020-08-06,12983916.0,24.0,26.0,21.6,50.1,50.1,0.0,34.7,91.0,1,1,3,0,0,1,8,2020,1,0,1
2020-08-07,13803239.0,22.8,24.9,21.3,4.7,4.7,0.0,11.9,90.0,1,0,4,0,0,1,8,2020,1,0,1
2020-08-08,8940467.0,23.3,26.3,21.1,13.2,13.2,0.0,17.2,89.0,1,0,5,1,0,0,8,2020,1,0,1
2020-08-09,5344353.0,24.5,25.3,23.2,63.8,63.8,0.0,29.5,94.0,1,1,6,1,0,0,8,2020,1,0,1
2020-08-10,12815694.0,25.9,28.6,24.7,15.8,15.8,0.0,21.3,91.0,1,0,0,0,0,1,8,2020,1,0,1
2020-08-11,12922177.0,24.5,27.5,23.1,83.3,83.3,0.0,20.7,92.0,1,1,1,0,0,1,8,2020,1,0,1
2020-08-12,13506841.0,26.0,30.1,22.3,0.3,0.3,0.0,8.5,87.0,0,0,2,0,0,1,8,2020,1,0,1
2020-08-13,13282105.0,27.2,30.9,24.8,1.3,1.3,0.0,19.2,86.0,1,0,3,0,0,1,8,2020,1,0,1
2020-08-14,13309479.0,26.0,28.4,24.9,6.0,6.0,0.0,28.0,91.0,1,0,4,0,0,1,8,2020,1,0,1
2020-08-15,7589416.0,25.4,27.5,24.2,19.9,19.9,0.0,19.4,94.0,1,0,5,1,1,0,8,2020,1,0,1
2020-08-16,6154071.0,26.2,29.5,24.1,0.2,0.2,0.0,23.0,88.0,0,0,6,1,0,0,8,2020,1,0,1
2020-08-17,7547955.0,26.3,30.0,23.5,0.5,0.5,0.0,12.7,87.0,0,0,0,0,1,0,8,2020,1,0,1
2020-08-18,12135258.0,25.3,29.2,23.0,0.0,0.0,0.0,10.1,87.0,0,0,1,0,0,1,8,2020,1,0,1
2020-08-19,11650207.0,24.9,29.4,21.8,0.0,0.0,0.0,14.5,87.0,0,0,2,0,0,1,8,2020,1,0,1
2020-08-20,11322654.0,25.8,30.9,23.1,0.0,0.0,0.0,14.8,85.0,0,0,3,0,0,1,8,2020,1,0,1
2020-08-21,11285623.0,25.2,28.2,22.2,3.7,3.7,0.0,11.5,89.0,1,0,4,0,0,1,8,2020,1,0,1
2020-08-22,6089748.0,24.2,27.8,21.3,24.1,24.1,0.0,16.0,86.0,1,0,5,1,0,0,8,2020,1,0,1
2020-08-23,4324323.0,23.7,27.5,20.9,0.6,0.6,0.0,10.5,87.0,0,0,6,1,0,0,8,2020,1,0,1
2020-08-24,10800943.0,25.3,29.8,20.9,0.1,0.1,0.0,16.7,83.0,0,0,0,0,0,1,8,2020,1,0,1
2020-08-25,10883963.0,27.4,31.9,23.4,0.1,0.1,0.0,12.1,81.0,0,0,1,0,0,1,8,2020,1,0,1
2020-08-26,10585572.0,28.0,32.2,25.0,2.9,2.9,0.0,29.5,78.0,1,0,2,0,0,1,8,2020,1,0,1
2020-08-27,9813169.0,26.6,28.6,25.2,9.1,9.1,0.0,39.3,84.0,1,0,3,0,0,1,8,2020,1,0,1
2020-08-28,10636579.0,26.5,29.2,24.2,6.1,6.1,0.0,22.1,89.0,1,0,4,0,0,1,8,2020,1,0,1
2020-08-29,5585869.0,25.8,28.8,23.5,18.2,18.2,0.0,13.5,91.0,1,0,5,1,0,0,8,2020,1,0,1
2020-08-30,3763667.0,26.3,29.9,24.3,4.4,4.4,0.0,9.3,89.0,1,0,6,1,0,0,8,2020,1,0,1
2020-08-31,10058764.0,26.0,29.5,23.8,0.5,0.5,0.0,16.3,80.0,0,0,0,0,0,1,8,2020,1,0,1
2020-09-01,9883896.0,24.9,28.0,22.2,0.7,0.7,0.0,13.5,81.0,0,0,1,0,0,1,9,2020,1,0,1
2020-09-02,9501341.0,23.9,25.0,22.3,39.2,39.2,0.0,20.9,92.0,1,1,2,0,0,1,9,2020,1,0,1
2020-09-03,9458722.0,21.7,24.4,19.8,41.7,41.7,0.0,39.3,83.0,1,1,3,0,0,1,9,2020,1,0,1
2020-09-04,10473697.0,21.3,25.0,18.1,3.6,3.6,0.0,15.6,78.0,1,0,4,0,0,1,9,2020,1,0,1
2020-09-05,5970869.0,21.3,25.9,17.3,0.0,0.0,0.0,11.9,77.0,0,0,5,1,0,0,9,2020,1,0,1
2020-09-06,3988836.0,20.4,23.5,17.2,8.9,8.9,0.0,19.9,78.0,1,0,6,1,0,0,9,2020,1,0,1
2020-09-07,9441222.0,17.9,19.9,15.7,76.6,76.6,0.0,33.2,89.0,1,1,0,0,0,1,9,2020,1,0,1
2020-09-08,10527553.0,21.8,24.4,19.7,1.1,1.1,0.0,32.3,76.0,1,0,1,0,0,1,9,2020,1,0,1
2020-09-09,10338746.0,20.3,23.8,18.2,22.4,22.4,0.0,16.3,91.0,1,0,2,0,0,1,9,2020,1,0,1
2020-09-10,10581062.0,21.1,25.3,18.2,1.5,1.5,0.0,12.1,84.0,1,0,3,0,0,1,9,2020,1,0,1
2020-09-11,10913424.0,20.9,25.0,17.9,2.6,2.6,0.0,18.8,81.0,1,0,4,0,0,1,9,2020,1,0,1
2020-09-12,6327972.0,19.5,22.4,18.2,8.4,8.4,0.0,14.7,85.0,1,0,5,1,0,0,9,2020,1,0,1
2020-09-13,4732153.0,19.6,23.7,16.2,0.0,0.0,0.0,11.5,78.0,0,0,6,1,0,0,9,2020,1,0,1
2020-09-14,11314011.0,19.6,22.8,15.5,1.5,1.5,0.0,14.2,87.0,1,0,0,0,0,1,9,2020,1,0,1
2020-09-15,11560900.0,20.9,25.6,16.6,0.0,0.0,0.0,8.6,83.0,0,0,1,0,0,1,9,2020,1,0,1
2020-09-16,11423184.0,20.9,23.9,19.1,4.0,4.0,0.0,14.8,87.0,1,0,2,0,0,1,9,2020,1,0,1
2020-09-17,11663915.0,19.6,22.3,17.6,0.2,0.2,0.0,11.0,82.0,0,0,3,0,0,1,9,2020,1,0,1
2020-09-18,12261282.0,19.4,23.0,15.4,0.3,0.3,0.0,25.0,71.0,0,0,4,0,0,1,9,2020,1,0,1
2020-09-19,7899994.0,18.8,23.9,14.9,0.0,0.0,0.0,18.8,74.0,0,0,5,1,0,0,9,2020,1,0,1
2020-09-20,5479390.0,17.3,21.7,13.4,0.0,0.0,0.0,14.9,75.0,0,0,6,1,0,0,9,2020,1,0,1
2020-09-21,12077573.0,16.3,21.8,11.0,0.0,0.0,0.0,9.2,73.0,0,0,0,0,0,1,9,2020,1,0,1
2020-09-22,12273422.0,17.4,22.6,12.8,0.0,0.0,0.0,13.5,72.0,0,0,1,0,0,1,9,2020,1,0,1
2020-09-23,12379714.0,17.3,21.3,13.8,0.0,0.0,0.0,17.7,70.0,0,0,2,0,0,1,9,2020,1,0,1
2020-09-24,12410310.0,18.6,22.5,15.5,0.0,0.0,0.0,21.1,68.0,0,0,3,0,0,1,9,2020,1,0,1
2020-09-25,12955976.0,18.4,23.0,14.4,2.4,2.4,0.0,17.3,73.0,1,0,4,0,0,1,9,2020,1,0,1
2020-09-26,8302504.0,17.6,22.5,13.7,0.0,0.0,0.0,18.1,71.0,0,0,5,1,0,0,9,2020,1,0,1
2020-09-27,5743857.0,17.8,23.2,12.9,0.0,0.0,0.0,11.3,75.0,0,0,6,1,0,0,9,2020,1,0,1
2020-09-28,12469696.0,17.6,23.4,12.1,0.0,0.0,0.0,10.5,78.0,0,0,0,0,0,1,9,2020,1,0,1
2020-09-29,12276052.0,17.1,22.3,12.0,0.0,0.0,0.0,10.9,80.0,0,0,1,0,0,1,9,2020,1,0,1
2020-09-30,5003214.0,17.8,22.7,13.9,0.5,0.5,0.0,10.2,82.0,0,0,2,0,1,0,9,2020,1,0,1
2020-10-01,3559972.0,18.0,22.5,14.7,0.2,0.2,0.0,11.6,80.0,0,0,3,0,1,0,10,2020,1,0,1
2020-10-02,4892779.0,17.7,21.6,14.7,7.7,7.7,0.0,24.0,85.0,1,0,4,0,1,0,10,2020,1,0,1
2020-10-03,6000946.0,18.4,22.3,16.4,0.1,0.1,0.0,13.9,82.0,0,0,5,1,1,0,10,2020,1,0,1
2020-10-04,5415765.0,16.0,20.1,10.6,0.3,0.3,0.0,29.3,71.0,0,0,6,1,0,0,10,2020,1,0,1
2020-10-05,12336437.0,12.0,16.4,7.2,0.0,0.0,0.0,23.2,61.0,0,0,0,0,0,1,10,2020,1,0,1
2020-10-06,12645446.0,12.0,17.1,7.3,0.0,0.0,0.0,13.9,65.0,0,0,1,0,0,1,10,2020,1,0,1
2020-10-07,12782386.0,13.8,19.9,8.0,0.0,0.0,0.0,10.2,57.0,0,0,2,0,0,1,10,2020,1,0,1
2020-10-08,13283884.0,14.9,21.7,9.0,0.0,0.0,0.0,20.1,64.0,0,0,3,0,0,1,10,2020,1,0,1
2020-10-09,7967903.0,15.7,21.9,11.4,0.0,0.0,0.0,19.1,59.0,0,0,4,0,1,0,10,2020,1,0,1
2020-10-10,8270402.0,15.1,20.3,9.9,0.0,0.0,0.0,12.1,70.0,0,0,5,1,0,0,10,2020,1,0,1
2020-10-11,6023936.0,15.5,20.2,10.4,0.0,0.0,0.0,12.4,73.0,0,0,6,1,0,0,10,2020,1,0,1
2020-10-12,12919070.0,15.2,20.0,10.7,0.2,0.2,0.0,17.7,73.0,0,0,0,0,0,1,10,2020,1,0,1
2020-10-13,13197061.0,11.8,17.9,6.3,0.0,0.0,0.0,14.2,59.0,0,0,1,0,0,1,10,2020,1,0,1
2020-10-14,13278789.0,11.8,15.5,7.2,0.0,0.0,0.0,16.7,54.0,0,0,2,0,0,1,10,2020,1,0,1
2020-10-15,13206010.0,9.0,15.3,3.5,0.0,0.0,0.0,10.4,50.0,0,0,3,0,0,1,10,2020,1,0,1
2020-10-16,13669899.0,10.5,14.4,5.7,0.0,0.0,0.0,9.7,75.0,0,0,4,0,0,1,10,2020,1,0,1
2020-10-17,9473702.0,10.8,16.5,6.2,0.0,0.0,0.0,12.0,74.0,0,0,5,1,0,0,10,2020,1,0,1
2020-10-18,6639831.0,11.7,18.5,5.0,0.0,0.0,0.0,14.9,78.0,0,0,6,1,0,0,10,2020,1,0,1
2020-10-19,13172961.0,12.9,19.2,7.0,0.0,0.0,0.0,11.5,83.0,0,0,0,0,0,1,10,2020,1,0,1
2020-10-20,13509976.0,13.1,19.3,9.1,0.0,0.0,0.0,8.7,80.0,0,0,1,0,0,1,10,2020,1,0,1
2020-10-21,13482101.0,12.5,16.3,8.8,0.0,0.0,0.0,11.2,78.0,0,0,2,0,0,1,10,2020,1,0,1
2020-10-22,13519515.0,12.3,17.1,7.5,1.8,1.8,0.0,19.8,71.0,1,0,3,0,0,1,10,2020,1,0,1
2020-10-23,14136076.0,7.4,11.5,4.1,0.0,0.0,0.0,21.1,53.0,0,0,4,0,0,1,10,2020,1,0,1
2020-10-24,9774111.0,7.2,12.1,2.6,0.0,0.0,0.0,24.3,49.0,0,0,5,1,0,0,10,2020,1,0,1
2020-10-25,6937074.0,10.5,16.4,6.4,0.0,0.0,0.0,13.2,66.0,0,0,6,1,0,0,10,2020,1,0,1
2020-10-26,13375747.0,10.8,17.2,5.2,0.0,0.0,0.0,11.2,81.0,0,0,0,0,0,1,10,2020,1,0,1
2020-10-27,13624299.0,11.4,18.0,5.7,0.0,0.0,0.0,13.1,85.0,0,0,1,0,0,1,10,2020,1,0,1
2020-10-28,13778053.0,11.8,16.2,7.0,0.0,0.0,0.0,20.9,64.0,0,0,2,0,0,1,10,2020,1,0,1
2020-10-29,13750772.0,9.0,14.4,4.0,0.0,0.0,0.0,12.0,47.0,0,0,3,0,0,1,10,2020,1,0,1
2020-10-30,14301626.0,9.9,16.6,2.4,0.0,0.0,0.0,10.1,53.0,0,0,4,0,0,1,10,2020,1,0,1
2020-10-31,10085913.0,11.1,17.0,5.8,1.4,1.4,0.0,19.4,74.0,1,0,5,1,0,0,10,2020,1,0,1
2020-11-01,6330501.0,12.2,13.7,9.6,7.8,7.8,0.0,16.5,93.0,1,0,6,1,0,0,11,2020,1,0,1
2020-11-02,13472008.0,9.3,14.2,3.4,0.0,0.0,0.0,14.1,63.0,0,0,0,0,0,1,11,2020,1,0,1
2020-11-03,13627307.0,4.3,7.7,0.8,1.3,1.3,0.0,30.5,51.0,1,0,1,0,0,1,11,2020,1,0,1
2020-11-04,13675749.0,2.9,8.5,-1.8,0.0,0.0,0.0,15.1,52.0,0,0,2,0,0,1,11,2020,1,0,1
2020-11-05,13768351.0,6.5,13.6,0.5,0.0,0.0,0.0,11.0,75.0,0,0,3,0,0,1,11,2020,1,0,1
2020-11-06,14160231.0,10.6,15.5,7.0,0.0,0.0,0.0,12.3,76.0,0,0,4,0,0,1,11,2020,1,0,1
2020-11-07,9976706.0,12.4,16.8,9.3,0.6,0.6,0.0,21.6,79.0,0,0,5,1,0,0,11,2020,1,0,1
2020-11-08,7161822.0,7.4,10.7,3.0,0.0,0.0,0.0,22.3,47.0,0,0,6,1,0,0,11,2020,1,0,1
2020-11-09,13412277.0,4.4,8.8,-0.5,0.0,0.0,0.0,15.0,46.0,0,0,0,0,0,1,11,2020,1,0,1
2020-11-10,13803602.0,6.1,11.5,0.5,0.0,0.0,0.0,18.0,58.0,0,0,1,0,0,1,11,2020,1,0,1
2020-11-11,14005090.0,6.5,13.5,0.2,0.0,0.0,0.0,8.7,63.0,0,0,2,0,0,1,11,2020,1,0,1
2020-11-12,13881754.0,7.2,15.2,0.9,0.0,0.0,0.0,10.5,68.0,0,0,3,0,0,1,11,2020,1,0,1
2020-11-13,14277508.0,8.9,15.7,3.8,0.0,0.0,0.0,10.8,78.0,0,0,4,0,0,1,11,2020,1,0,1
2020-11-14,9858349.0,10.2,17.2,3.7,0.0,0.0,0.0,11.3,72.0,0,0,5,1,0,0,11,2020,1,0,1
2020-11-15,6965833.0,8.9,14.6,4.9,0.5,0.5,0.0,13.3,82.0,0,0,6,1,0,0,11,2020,1,0,1
2020-11-16,13337942.0,10.0,16.6,5.0,0.0,0.0,0.0,11.6,80.0,0,0,0,0,0,1,11,2020,1,0,1
2020-11-17,13500897.0,12.7,18.2,8.5,2.8,2.8,0.0,12.3,81.0,1,0,1,0,0,1,11,2020,1,0,1
2020-11-18,13302261.0,15.8,19.1,13.4,13.0,13.0,0.0,19.6,89.0,1,0,2,0,0,1,11,2020,1,0,1
2020-11-19,12640812.0,13.9,18.7,7.0,33.0,33.0,0.0,32.3,86.0,1,1,3,0,0,1,11,2020,1,0,1
2020-11-20,13649127.0,3.0,6.5,-0.5,0.0,0.0,0.0,22.4,65.0,0,0,4,0,0,1,11,2020,1,0,1
2020-11-21,8726758.0,4.4,11.0,-2.5,0.9,0.9,0.0,14.1,73.0,0,0,5,1,0,0,11,2020,1,0,1
2020-11-22,5845826.0,5.4,7.8,1.0,6.2,6.2,0.0,21.0,79.0,1,0,6,1,0,0,11,2020,1,0,1
2020-11-23,12630392.0,0.2,4.2,-3.2,0.0,0.0,0.0,13.0,63.0,0,0,0,0,0,1,11,2020,1,0,1
2020-11-24,12361962.0,1.3,6.1,-3.3,0.0,0.0,0.0,9.2,69.0,0,0,1,0,0,1,11,2020,1,0,1
2020-11-25,12385648.0,2.9,7.9,-1.9,0.0,0.0,0.0,11.9,73.0,0,0,2,0,0,1,11,2020,1,0,1
2020-11-26,12008243.0,3.5,8.7,-0.8,0.0,0.0,0.0,9.9,74.0,0,0,3,0,0,1,11,2020,1,0,1
2020-11-27,11988662.0,2.2,6.4,-1.2,0.0,0.0,0.0,20.9,70.0,0,0,4,0,0,1,11,2020,1,0,1
2020-11-28,7046851.0,-2.0,1.4,-4.9,0.0,0.0,0.0,17.8,53.0,0,0,5,1,0,0,11,2020,1,0,1
2020-11-29,4938908.0,-1.9,1.6,-4.8,0.0,0.0,0.0,17.1,67.0,0,0,6,1,0,0,11,2020,1,0,1
2020-11-30,11524264.0,-2.0,2.7,-5.4,0.0,0.0,0.0,13.8,62.0,0,0,0,0,0,1,11,2020,1,0,1
2020-12-01,11531888.0,-1.4,4.8,-5.4,0.0,0.0,0.0,11.5,53.0,0,0,1,0,0,1,12,2020,1,0,1
2020-12-02,11700383.0,0.4,4.6,-2.2,0.0,0.0,0.0,9.7,50.0,0,0,2,0,0,1,12,2020,1,0,1
2020-12-03,11583177.0,-1.2,3.0,-4.3,0.0,0.0,0.0,18.5,56.0,0,0,3,0,0,1,12,2020,1,0,1
2020-12-04,11807684.0,-2.5,3.2,-6.7,0.0,0.0,0.0,11.9,59.0,0,0,4,0,0,1,12,2020,1,0,1
2020-12-05,7089673.0,0.0,5.1,-3.6,0.0,0.0,0.0,10.6,60.0,0,0,5,1,0,0,12,2020,1,0,1
2020-12-06,4946693.0,1.5,6.8,-2.1,0.0,0.0,0.0,12.7,75.0,0,0,6,1,0,0,12,2020,1,0,1
2020-12-07,11391389.0,1.8,4.9,-2.6,0.0,0.0,0.0,19.3,70.0,0,0,0,0,0,1,12,2020,1,0,1
2020-12-08,10983880.0,-2.8,1.8,-5.8,0.0,0.0,0.0,10.6,61.0,0,0,1,0,0,1,12,2020,1,0,1
2020-12-09,10921451.0,-0.9,4.8,-5.8,0.0,0.0,0.0,9.0,64.0,0,0,2,0,0,1,12,2020,1,0,1
2020-12-10,10926731.0,3.4,8.5,0.4,0.2,0.2,0.0,15.5,80.0,0,0,3,0,0,1,12,2020,1,0,1
2020-12-11,11150768.0,2.7,8.5,-1.8,0.0,0.0,0.0,17.3,87.0,0,0,4,0,0,1,12,2020,1,0,1
2020-12-12,6361847.0,0.0,4.4,-3.6,0.0,0.0,0.0,14.9,64.0,0,0,5,1,0,0,12,2020,1,0,1
2020-12-13,4095305.0,-1.6,1.8,-7.2,1.7,0.2,1.05,22.2,67.0,0,0,6,1,0,0,12,2020,1,0,1
2020-12-14,10123462.0,-8.1,-5.2,-10.7,0.0,0.0,0.0,22.2,43.0,0,0,0,0,0,1,12,2020,1,0,1
2020-12-15,10002987.0,-8.6,-5.4,-10.6,0.0,0.0,0.0,18.8,36.0,0,0,1,0,0,1,12,2020,1,0,1
2020-12-16,9935709.0,-8.9,-5.4,-11.2,0.0,0.0,0.0,21.4,36.0,0,0,2,0,0,1,12,2020,1,0,1
2020-12-17,10067395.0,-6.8,-1.7,-11.0,0.0,0.0,0.0,9.7,46.0,0,0,3,0,0,1,12,2020,1,0,1
2020-12-18,10590119.0,-2.9,1.0,-7.0,0.7,0.1,0.42,21.2,53.0,0,0,4,0,0,1,12,2020,1,0,1
2020-12-19,5831322.0,-6.2,-2.5,-9.7,0.0,0.0,0.0,20.5,33.0,0,0,5,1,0,0,12,2020,1,0,1
2020-12-20,3958073.0,-5.1,0.2,-8.3,0.0,0.0,0.0,15.6,47.0,0,0,6,1,0,0,12,2020,1,0,1
2020-12-21,10369296.0,-3.1,2.3,-6.8,0.0,0.0,0.0,10.4,54.0,0,0,0,0,0,1,12,2020,1,0,1
2020-12-22,10435514.0,-0.3,6.0,-4.5,0.1,0.0,0.07,17.0,70.0,0,0,1,0,0,1,12,2020,1,0,1
2020-12-23,10456263.0,1.7,8.0,-2.7,0.0,0.0,0.0,17.8,80.0,0,0,2,0,0,1,12,2020,1,0,1
2020-12-24,10499264.0,0.2,3.9,-5.2,0.0,0.0,0.0,24.3,74.0,0,0,3,0,0,1,12,2020,1,0,1
2020-12-25,4566844.0,-3.3,1.7,-6.5,0.0,0.0,0.0,18.9,64.0,0,0,4,0,1,0,12,2020,1,0,1
2020-12-26,5239984.0,-0.1,6.3,-5.3,0.0,0.0,0.0,14.4,76.0,0,0,5,1,0,0,12,2020,1,0,1
2020-12-27,3775737.0,3.0,9.2,-1.8,0.0,0.0,0.0,11.9,71.0,0,0,6,1,0,0,12,2020,1,0,1
2020-12-28,10160857.0,3.3,7.5,0.4,0.0,0.0,0.0,9.6,85.0,0,0,0,0,0,1,12,2020,1,0,1
2020-12-29,10194312.0,-1.2,2.2,-5.6,0.0,0.0,0.0,24.5,74.0,0,0,1,0,0,1,12,2020,1,0,1
2020-12-30,9749647.0,-11.1,-7.0,-13.2,0.0,0.0,0.0,26.3,43.0,0,0,2,0,0,1,12,2020,1,0,1
2020-12-31,9324739.0,-9.1,-5.6,-12.2,0.0,0.0,0.0,17.4,47.0,0,0,3,0,0,1,12,2020,1,0,1
2021-01-01,3149873.0,-5.9,-0.8,-10.6,0.0,0.0,0.0,14.8,63.0,0,0,4,0,1,0,1,2021,1,0,1
2021-01-02,4866851.0,-5.9,-2.9,-8.8,0.0,0.0,0.0,19.0,34.0,0,0,5,1,0,0,1,2021,1,0,1
2021-01-03,3791610.0,-6.3,-2.2,-8.6,0.0,0.0,0.0,17.2,41.0,0,0,6,1,0,0,1,2021,1,0,1
2021-01-04,10493167.0,-4.1,0.5,-7.6,0.2,0.0,0.14,8.6,41.0,0,0,0,0,0,1,1,2021,1,0,1
2021-01-05,10478875.0,-6.0,-3.1,-9.9,0.0,0.0,0.0,21.4,45.0,0,0,1,0,0,1,1,2021,1,0,1
2021-01-06,10921229.0,-7.6,-3.9,-10.8,1.0,0.0,0.7,25.0,42.0,0,0,2,0,0,1,1,2021,1,0,1
2021-01-07,11385036.0,-13.9,-8.0,-16.9,0.1,0.0,0.07,31.9,41.0,0,0,3,0,0,1,1,2021,1,0,1
2021-01-08,10524346.0,-15.6,-12.1,-18.8,0.0,0.0,0.0,18.7,39.0,0,0,4,0,0,1,1,2021,1,0,1
2021-01-09,5938587.0,-12.6,-8.6,-15.5,0.0,0.0,0.0,19.7,41.0,0,0,5,1,0,0,1,2021,1,0,1
2021-01-10,4016505.0,-8.9,-3.6,-13.5,0.0,0.0,0.0,9.5,52.0,0,0,6,1,0,0,1,2021,1,0,1
2021-01-11,10651986.0,-8.0,-3.5,-11.8,0.0,0.0,0.0,7.9,55.0,0,0,0,0,0,1,1,2021,1,0,1
2021-01-12,11505110.0,-4.9,1.3,-10.5,0.8,0.0,0.56,16.9,70.0,0,0,1,0,0,1,1,2021,1,0,1
2021-01-13,11277180.0,-0.2,7.8,-5.7,0.3,0.3,0.0,21.7,81.0,0,0,2,0,0,1,1,2021,1,0,1
2021-01-14,11112418.0,-1.1,6.4,-6.4,0.0,0.0,0.0,12.6,50.0,0,0,3,0,0,1,1,2021,1,0,1
2021-01-15,11251767.0,2.6,8.3,-2.6,2.0,2.0,0.0,23.6,77.0,1,0,4,0,0,1,1,2021,1,0,1
2021-01-16,6771978.0,-5.8,-2.3,-8.6,0.0,0.0,0.0,19.2,56.0,0,0,5,1,0,0,1,2021,1,0,1
2021-01-17,4533212.0,-6.8,-2.6,-9.8,0.0,0.0,0.0,13.7,49.0,0,0,6,1,0,0,1,2021,1,0,1
2021-01-18,11584235.0,-4.1,0.3,-9.5,1.0,0.0,0.7,28.9,62.0,0,0,0,0,0,1,1,2021,1,0,1
2021-01-19,11159008.0,-8.1,-3.3,-11.6,0.0,0.0,0.0,14.1,21.0,0,0,1,0,0,1,1,2021,1,0,1
2021-01-20,11715169.0,-3.1,6.4,-8.8,0.0,0.0,0.0,11.9,28.0,0,0,2,0,0,1,1,2021,1,0,1
2021-01-21,11457864.0,0.5,4.8,-2.6,8.4,8.4,0.0,11.5,53.0,1,0,3,0,0,1,1,2021,1,0,1
2021-01-22,11829416.0,4.1,8.2,1.9,0.0,0.0,0.0,10.6,93.0,0,0,4,0,0,1,1,2021,1,0,1
2021-01-23,7461731.0,5.2,8.5,3.3,0.0,0.0,0.0,22.0,71.0,0,0,5,1,0,0,1,2021,1,0,1
2021-01-24,5197756.0,3.9,10.9,0.3,0.0,0.0,0.0,14.8,75.0,0,0,6,1,0,0,1,2021,1,0,1
2021-01-25,11801152.0,3.2,11.1,-1.5,0.0,0.0,0.0,13.0,77.0,0,0,0,0,0,1,1,2021,1,0,1
2021-01-26,11652136.0,3.3,7.8,-0.7,0.6,0.6,0.0,17.6,87.0,0,0,1,0,0,1,1,2021,1,0,1
2021-01-27,12114490.0,-0.2,5.0,-4.3,0.0,0.0,0.0,14.4,52.0,0,0,2,0,0,1,1,2021,1,0,1
2021-01-28,11751908.0,-3.2,1.5,-9.8,1.7,0.0,1.19,38.4,50.0,0,0,3,0,0,1,1,2021,1,0,1
2021-01-29,11641911.0,-9.1,-5.1,-11.6,0.0,0.0,0.0,26.4,35.0,0,0,4,0,0,1,1,2021,1,0,1
2021-01-30,7517234.0,-2.5,5.2,-9.2,0.6,0.0,0.42,19.5,54.0,0,0,5,1,0,0,1,2021,1,0,1
2021-01-31,5297203.0,1.0,9.8,-5.5,0.0,0.0,0.0,15.4,61.0,0,0,6,1,0,0,1,2021,1,0,1
2021-02-01,11952262.0,3.6,8.7,-3.5,5.8,5.8,0.0,21.6,84.0,1,0,0,0,0,1,2,2021,1,0,1
2021-02-02,11908745.0,-6.8,-3.8,-10.4,0.0,0.0,0.0,23.5,45.0,0,0,1,0,0,1,2,2021,1,0,1
2021-02-03,12430431.0,-4.2,1.2,-9.2,2.8,0.0,1.96,22.0,57.0,0,0,2,0,0,1,2,2021,1,0,1
2021-02-04,12372634.0,-4.7,0.3,-8.1,1.2,0.0,0.84,25.2,53.0,0,0,3,0,0,1,2,2021,1,0,1
2021-02-05,12591980.0,-0.7,6.3,-6.7,0.0,0.0,0.0,21.6,76.0,0,0,4,0,0,1,2,2021,1,0,1
2021-02-06,7941627.0,4.4,9.9,-0.9,0.0,0.0,0.0,21.3,90.0,0,0,5,1,0,0,2,2021,1,0,1
2021-02-07,5518199.0,2.4,6.8,-3.9,0.0,0.0,0.0,21.0,73.0,0,0,6,1,0,0,2,2021,1,0,1
2021-02-08,12299568.0,-4.5,-1.0,-7.3,0.0,0.0,0.0,25.1,42.0,0,0,0,0,0,1,2,2021,1,0,1
2021-02-09,12446647.0,-3.0,2.9,-6.8,0.0,0.0,0.0,16.3,59.0,0,0,1,0,0,1,2,2021,1,0,1
2021-02-10,11958365.0,0.7,7.1,-4.0,0.0,0.0,0.0,20.7,83.0,0,0,2,0,0,1,2,2021,1,0,1
2021-02-11,4755241.0,2.8,8.3,-0.2,0.0,0.0,0.0,9.8,86.0,0,0,3,0,1,0,2,2021,1,0,1
2021-02-12,3374628.0,2.3,11.8,-3.5,0.0,0.0,0.0,11.6,73.0,0,0,4,0,1,0,2,2021,1,0,1
2021-02-13,5475821.0,3.1,13.1,-3.4,0.0,0.0,0.0,11.7,70.0,0,0,5,1,1,0,2,2021,1,0,1
2021-02-14,5355841.0,6.0,13.2,1.6,0.0,0.0,0.0,11.4,72.0,0,0,6,1,0,0,2,2021,1,0,1
2021-02-15,11865232.0,0.3,4.8,-7.0,0.2,0.2,0.0,31.2,64.0,0,0,0,0,0,1,2,2021,1,0,1
2021-02-16,12312925.0,-5.9,-2.5,-8.2,1.6,0.0,1.12,22.0,49.0,0,0,1,0,0,1,2,2021,1,0,1
2021-02-17,12086440.0,-8.8,-5.8,-11.1,0.0,0.0,0.0,33.4,37.0,0,0,2,0,0,1,2,2021,1,0,1
2021-02-18,12221708.0,-6.3,-0.6,-10.5,0.0,0.0,0.0,22.2,35.0,0,0,3,0,0,1,2,2021,1,0,1
2021-02-19,12962685.0,-0.4,8.2,-7.3,0.0,0.0,0.0,28.0,64.0,0,0,4,0,0,1,2,2021,1,0,1
2021-02-20,8625075.0,5.5,12.0,-0.9,0.0,0.0,0.0,17.9,73.0,0,0,5,1,0,0,2,2021,1,0,1
2021-02-21,6133538.0,7.6,16.1,0.9,0.0,0.0,0.0,23.2,77.0,0,0,6,1,0,0,2,2021,1,0,1
2021-02-22,12624889.0,5.0,11.0,-1.3,0.0,0.0,0.0,24.5,68.0,0,0,0,0,0,1,2,2021,1,0,1
2021-02-23,12655442.0,-1.6,3.4,-6.3,0.0,0.0,0.0,17.9,33.0,0,0,1,0,0,1,2,2021,1,0,1
2021-02-24,12840430.0,-0.4,7.3,-5.9,0.0,0.0,0.0,11.3,42.0,0,0,2,0,0,1,2,2021,1,0,1
2021-02-25,12757691.0,1.0,6.5,-3.3,0.0,0.0,0.0,9.5,50.0,0,0,3,0,0,1,2,2021,1,0,1
2021-02-26,13314681.0,4.5,13.3,-3.2,0.0,0.0,0.0,16.8,49.0,0,0,4,0,0,1,2,2021,1,0,1
2021-02-27,9045209.0,6.5,13.2,1.0,0.0,0.0,0.0,22.0,64.0,0,0,5,1,0,0,2,2021,1,0,1
2021-02-28,6676579.0,5.2,11.1,-1.9,0.0,0.0,0.0,11.6,64.0,0,0,6,1,0,0,2,2021,1,0,1
2021-03-01,5259321.0,4.4,6.5,0.5,56.3,51.9,3.08,24.5,84.0,1,1,0,0,1,0,3,2021,1,0,1
2021-03-02,12795822.0,1.2,5.5,-1.6,0.4,0.0,0.28,11.2,71.0,0,0,1,0,0,1,3,2021,1,0,1
2021-03-03,13019193.0,1.3,8.3,-4.7,0.0,0.0,0.0,10.5,72.0,0,0,2,0,0,1,3,2021,1,0,1
2021-03-04,12980547.0,4.7,10.4,-0.7,0.0,0.0,0.0,9.8,69.0,0,0,3,0,0,1,3,2021,1,0,1
2021-03-05,13702199.0,5.7,13.8,-1.2,0.0,0.0,0.0,12.8,80.0,0,0,4,0,0,1,3,2021,1,0,1
2021-03-06,9073632.0,4.5,8.8,1.0,0.0,0.0,0.0,23.7,72.0,0,0,5,1,0,0,3,2021,1,0,1
2021-03-07,6470338.0,4.0,10.0,0.3,0.0,0.0,0.0,14.5,69.0,0,0,6,1,0,0,3,2021,1,0,1
2021-03-08,12902189.0,4.1,11.2,-0.9,0.0,0.0,0.0,11.7,73.0,0,0,0,0,0,1,3,2021,1,0,1
2021-03-09,13137449.0,4.0,10.4,-1.3,0.0,0.0,0.0,16.9,71.0,0,0,1,0,0,1,3,2021,1,0,1
2021-03-10,13254549.0,5.5,14.7,-3.0,0.0,0.0,0.0,9.4,75.0,0,0,2,0,0,1,3,2021,1,0,1
2021-03-11,13135547.0,6.7,13.8,0.2,0.0,0.0,0.0,13.4,70.0,0,0,3,0,0,1,3,2021,1,0,1
2021-03-12,13547210.0,8.1,13.0,4.5,0.9,0.9,0.0,19.0,72.0,0,0,4,0,0,1,3,2021,1,0,1
2021-03-13,9328428.0,6.1,12.1,0.3,0.0,0.0,0.0,14.6,75.0,0,0,5,1,0,0,3,2021,1,0,1
2021-03-14,6601405.0,6.2,11.9,2.1,0.0,0.0,0.0,15.1,85.0,0,0,6,1,0,0,3,2021,1,0,1
2021-03-15,12903529.0,7.8,14.8,1.1,0.2,0.2,0.0,14.8,77.0,0,0,0,0,0,1,3,2021,1,0,1
2021-03-16,13110639.0,7.0,11.6,2.3,1.6,1.6,0.0,20.6,56.0,1,0,1,0,0,1,3,2021,1,0,1
2021-03-17,13325905.0,5.7,14.9,-1.5,0.0,0.0,0.0,12.1,57.0,0,0,2,0,0,1,3,2021,1,0,1
2021-03-18,13305145.0,8.9,16.8,1.0,0.0,0.0,0.0,14.5,66.0,0,0,3,0,0,1,3,2021,1,0,1
2021-03-19,13962594.0,12.2,18.0,7.4,0.0,0.0,0.0,13.2,63.0,0,0,4,0,0,1,3,2021,1,0,1
2021-03-20,8557026.0,9.2,11.8,7.2,4.4,4.4,0.0,14.4,74.0,1,0,5,1,0,0,3,2021,1,0,1
2021-03-21,6625425.0,5.5,9.2,2.2,0.8,0.8,0.0,31.0,68.0,0,0,6,1,0,0,3,2021,1,0,1
2021-03-22,12986925.0,4.4,9.4,-0.1,0.0,0.0,0.0,22.5,64.0,0,0,0,0,0,1,3,2021,1,0,1
2021-03-23,13295039.0,6.5,14.1,0.4,0.0,0.0,0.0,24.5,74.0,0,0,1,0,0,1,3,2021,1,0,1
2021-03-24,13383983.0,8.1,14.8,3.1,0.0,0.0,0.0,18.4,73.0,0,0,2,0,0,1,3,2021,1,0,1
2021-03-25,13472442.0,9.0,16.4,4.2,0.0,0.0,0.0,16.9,78.0,0,0,3,0,0,1,3,2021,1,0,1
2021-03-26,14002764.0,10.0,18.4,4.2,0.0,0.0,0.0,9.1,70.0,0,0,4,0,0,1,3,2021,1,0,1
2021-03-27,8691750.0,11.1,14.5,7.2,20.3,20.3,0.0,20.5,75.0,1,0,5,1,0,0,3,2021,1,0,1
2021-03-28,6029417.0,9.3,12.6,7.3,9.1,9.1,0.0,24.3,90.0,1,0,6,1,0,0,3,2021,1,0,1
2021-03-29,13016975.0,8.7,13.4,5.0,0.7,0.7,0.0,26.1,77.0,0,0,0,0,0,1,3,2021,1,0,1
2021-03-30,13369284.0,8.0,15.8,2.3,0.0,0.0,0.0,15.9,67.0,0,0,1,0,0,1,3,2021,1,0,1
2021-03-31,13571428.0,10.5,19.3,3.3,0.0,0.0,0.0,11.6,63.0,0,0,2,0,0,1,3,2021,1,0,1
2021-04-01,13517161.0,13.5,20.8,6.5,0.0,0.0,0.0,20.1,53.0,0,0,3,0,0,1,4,2021,1,0,1
2021-04-02,14017145.0,15.0,22.1,8.8,0.0,0.0,0.0,21.8,53.0,0,0,4,0,0,1,4,2021,1,0,1
2021-04-03,7933037.0,13.6,15.7,9.9,36.9,36.9,0.0,22.1,81.0,1,1,5,1,0,0,4,2021,1,0,1
2021-04-04,6620642.0,10.7,14.4,7.4,3.5,3.5,0.0,21.2,65.0,1,0,6,1,0,0,4,2021,1,0,1
2021-04-05,13252550.0,9.2,15.9,2.8,0.0,0.0,0.0,14.7,56.0,0,0,0,0,0,1,4,2021,1,0,1
2021-04-06,13457668.0,10.9,16.9,5.5,0.0,0.0,0.0,19.2,62.0,0,0,1,0,0,1,4,2021,1,0,1
2021-04-07,13366326.0,10.8,17.9,5.1,0.0,0.0,0.0,20.0,68.0,0,0,2,0,0,1,4,2021,1,0,1
2021-04-08,13409513.0,9.9,16.1,3.0,0.0,0.0,0.0,19.2,53.0,0,0,3,0,0,1,4,2021,1,0,1
2021-04-09,13867385.0,10.4,16.0,3.7,0.0,0.0,0.0,18.3,53.0,0,0,4,0,0,1,4,2021,1,0,1
2021-04-10,9517598.0,10.0,16.5,5.2,0.0,0.0,0.0,16.4,62.0,0,0,5,1,0,0,4,2021,1,0,1
2021-04-11,6794143.0,11.8,19.1,4.0,0.0,0.0,0.0,9.6,63.0,0,0,6,1,0,0,4,2021,1,0,1
2021-04-12,12595879.0,12.5,15.6,11.4,19.3,19.3,0.0,18.6,67.0,1,0,0,0,0,1,4,2021,1,0,1
2021-04-13,13113892.0,10.4,12.9,5.3,7.3,7.3,0.0,22.9,72.0,1,0,1,0,0,1,4,2021,1,0,1
2021-04-14,13288351.0,6.6,11.6,1.9,0.0,0.0,0.0,24.0,64.0,0,0,2,0,0,1,4,2021,1,0,1
2021-04-15,13286466.0,8.8,15.6,3.5,0.0,0.0,0.0,13.6,74.0,0,0,3,0,0,1,4,2021,1,0,1
2021-04-16,13221433.0,9.5,13.9,5.8,1.3,1.3,0.0,26.7,74.0,1,0,4,0,0,1,4,2021,1,0,1
2021-04-17,8877479.0,8.1,12.3,3.5,0.5,0.5,0.0,24.0,67.0,0,0,5,1,0,0,4,2021,1,0,1
2021-04-18,6548781.0,8.4,14.4,3.7,0.0,0.0,0.0,22.0,71.0,0,0,6,1,0,0,4,2021,1,0,1
2021-04-19,12901156.0,9.6,16.0,3.6,0.0,0.0,0.0,19.7,76.0,0,0,0,0,0,1,4,2021,1,0,1
2021-04-20,13269694.0,11.4,19.1,4.6,0.0,0.0,0.0,13.4,72.0,0,0,1,0,0,1,4,2021,1,0,1
2021-04-21,13348450.0,16.0,24.7,8.5,0.0,0.0,0.0,10.1,64.0,0,0,2,0,0,1,4,2021,1,0,1
2021-04-22,13236725.0,17.7,24.4,12.6,0.0,0.0,0.0,17.0,54.0,0,0,3,0,0,1,4,2021,1,0,1
2021-04-23,13639403.0,16.8,21.0,13.7,1.8,1.8,0.0,26.3,54.0,1,0,4,0,0,1,4,2021,1,0,1
2021-04-24,9229348.0,15.7,20.5,12.0,0.1,0.1,0.0,20.1,54.0,0,0,5,1,0,0,4,2021,1,0,1
2021-04-25,6668837.0,15.3,20.7,9.5,0.0,0.0,0.0,24.3,60.0,0,0,6,1,0,0,4,2021,1,0,1
2021-04-26,13137959.0,14.3,20.2,9.2,0.0,0.0,0.0,17.1,55.0,0,0,0,0,0,1,4,2021,1,0,1
2021-04-27,13260178.0,13.6,18.3,9.2,0.3,0.3,0.0,16.3,73.0,0,0,1,0,0,1,4,2021,1,0,1
2021-04-28,13360314.0,13.3,18.0,10.4,3.7,3.7,0.0,20.2,76.0,1,0,2,0,0,1,4,2021,1,0,1
2021-04-29,13407400.0,13.4,18.1,9.3,1.1,1.1,0.0,12.5,61.0,1,0,3,0,0,1,4,2021,1,0,1
2021-04-30,13807634.0,11.0,15.1,8.7,15.2,15.2,0.0,17.7,80.0,1,0,4,0,0,1,4,2021,1,0,1
2021-05-01,8542175.0,9.9,13.1,7.9,4.0,4.0,0.0,20.1,83.0,1,0,5,1,0,0,5,2021,1,0,1
2021-05-02,6872022.0,10.8,17.1,6.0,1.1,1.1,0.0,18.4,78.0,1,0,6,1,0,0,5,2021,1,0,1
2021-05-03,13300803.0,11.4,17.5,5.8,0.0,0.0,0.0,14.9,73.0,0,0,0,0,0,1,5,2021,1,0,1
2021-05-04,13059992.0,13.3,17.2,9.3,31.1,31.1,0.0,15.3,85.0,1,1,1,0,0,1,5,2021,1,0,1
2021-05-05,7936940.0,12.1,16.5,7.9,2.3,2.3,0.0,27.9,76.0,1,0,2,0,1,0,5,2021,1,0,1
2021-05-06,13484235.0,13.2,20.7,6.2,0.0,0.0,0.0,21.7,60.0,0,0,3,0,0,1,5,2021,1,0,1
2021-05-07,13533323.0,12.7,16.1,8.9,7.1,7.1,0.0,31.1,65.0,1,0,4,0,0,1,5,2021,1,0,1
2021-05-08,8206414.0,12.5,19.0,7.1,0.0,0.0,0.0,31.1,74.0,0,0,5,1,0,0,5,2021,1,0,1
2021-05-09,6849440.0,13.1,19.0,8.2,0.0,0.0,0.0,25.9,67.0,0,0,6,1,0,0,5,2021,1,0,1
2021-05-10,12879847.0,11.5,14.6,8.1,6.2,6.2,0.0,11.1,81.0,1,0,0,0,0,1,5,2021,1,0,1
2021-05-11,13604630.0,15.9,23.6,7.7,0.0,0.0,0.0,18.7,63.0,0,0,1,0,0,1,5,2021,1,0,1
2021-05-12,13654763.0,17.8,23.9,12.2,0.0,0.0,0.0,14.8,54.0,0,0,2,0,0,1,5,2021,1,0,1
2021-05-13,13604157.0,19.1,26.2,12.9,0.0,0.0,0.0,14.1,72.0,0,0,3,0,0,1,5,2021,1,0,1
2021-05-14,14189734.0,20.7,27.5,14.2,0.0,0.0,0.0,10.7,76.0,0,0,4,0,0,1,5,2021,1,0,1
2021-05-15,9054012.0,20.8,24.7,17.7,4.6,4.6,0.0,11.6,81.0,1,0,5,1,0,0,5,2021,1,0,1
2021-05-16,5538956.0,18.2,20.7,14.0,77.0,77.0,0.0,16.3,92.0,1,1,6,1,0,0,5,2021,1,0,1
2021-05-17,12883795.0,15.1,17.2,13.8,5.1,5.1,0.0,9.4,86.0,1,0,0,0,0,1,5,2021,1,0,1
2021-05-18,14063492.0,15.8,22.3,12.1,0.0,0.0,0.0,17.3,85.0,0,0,1,0,0,1,5,2021,1,0,1
2021-05-19,8517531.0,17.3,23.5,10.9,0.0,0.0,0.0,14.7,74.0,0,0,2,0,1,0,5,2021,1,0,1
2021-05-20,13156694.0,16.9,22.3,13.9,11.8,11.8,0.0,18.1,73.0,1,0,3,0,0,1,5,2021,1,0,1
2021-05-21,13687234.0,15.2,18.7,13.6,4.0,4.0,0.0,16.8,84.0,1,0,4,0,0,1,5,2021,1,0,1
2021-05-22,9735932.0,16.0,22.0,11.2,0.0,0.0,0.0,20.8,83.0,0,0,5,1,0,0,5,2021,1,0,1
2021-05-23,6819551.0,16.8,22.7,11.6,0.0,0.0,0.0,12.6,79.0,0,0,6,1,0,0,5,2021,1,0,1
2021-05-24,13263281.0,16.7,22.2,12.5,0.0,0.0,0.0,18.9,77.0,0,0,0,0,0,1,5,2021,1,0,1
2021-05-25,13317475.0,13.7,17.3,11.1,8.7,8.7,0.0,29.8,83.0,1,0,1,0,0,1,5,2021,1,0,1
2021-05-26,13642545.0,15.6,22.8,10.1,2.4,2.4,0.0,22.9,74.0,1,0,2,0,0,1,5,2021,1,0,1
2021-05-27,13027580.0,15.2,18.1,11.8,11.0,11.0,0.0,25.7,85.0,1,0,3,0,0,1,5,2021,1,0,1
2021-05-28,13392878.0,14.4,19.7,11.2,20.5,20.5,0.0,26.4,86.0,1,0,4,0,0,1,5,2021,1,0,1
2021-05-29,9311708.0,15.1,19.1,11.6,1.2,1.2,0.0,16.6,82.0,1,0,5,1,0,0,5,2021,1,0,1
2021-05-30,6869220.0,16.7,24.1,8.3,2.8,2.8,0.0,12.5,75.0,1,0,6,1,0,0,5,2021,1,0,1
2021-05-31,12927959.0,18.6,22.3,15.5,14.6,14.6,0.0,10.0,83.0,1,0,0,0,0,1,5,2021,1,0,1
2021-06-01,13150609.0,19.6,23.0,17.0,2.6,2.6,0.0,16.3,80.0,1,0,1,0,0,1,6,2021,1,0,1
2021-06-02,13311119.0,20.8,27.7,14.1,0.0,0.0,0.0,13.5,77.0,0,0,2,0,0,1,6,2021,1,0,1
2021-06-03,12830711.0,18.5,21.3,15.2,18.3,18.3,0.0,13.1,87.0,1,0,3,0,0,1,6,2021,1,0,1
2021-06-04,13914924.0,16.7,20.6,12.1,0.2,0.2,0.0,21.3,76.0,0,0,4,0,0,1,6,2021,1,0,1
2021-06-05,9505805.0,18.2,22.7,14.9,0.2,0.2,0.0,21.2,81.0,0,0,5,1,0,0,6,2021,1,0,1
2021-06-06,6655053.0,20.4,26.4,15.7,0.0,0.0,0.0,14.6,83.0,0,0,6,1,1,0,6,2021,1,0,1
2021-06-07,12910003.0,19.8,23.2,16.5,0.1,0.1,0.0,11.4,84.0,0,0,0,0,0,1,6,2021,1,0,1
2021-06-08,13224669.0,21.4,25.1,18.1,0.4,0.4,0.0,9.4,78.0,0,0,1,0,0,1,6,2021,1,0,1
2021-06-09,13286893.0,23.6,29.3,17.8,0.0,0.0,0.0,8.0,76.0,0,0,2,0,0,1,6,2021,1,0,1
2021-06-10,13291559.0,22.8,28.2,19.7,6.6,6.6,0.0,20.5,77.0,1,0,3,0,0,1,6,2021,1,0,1
2021-06-11,13337864.0,20.8,24.2,18.3,12.9,12.9,0.0,31.4,85.0,1,0,4,0,0,1,6,2021,1,0,1
2021-06-12,9175821.0,22.0,28.2,17.4,0.0,0.0,0.0,12.6,83.0,0,0,5,1,0,0,6,2021,1,0,1
2021-06-13,6500049.0,21.8,26.6,18.7,0.1,0.1,0.0,13.4,87.0,0,0,6,1,0,0,6,2021,1,0,1
2021-06-14,13014180.0,21.6,27.5,17.7,0.1,0.1,0.0,10.6,85.0,0,0,0,0,0,1,6,2021,1,0,1
2021-06-15,13038522.0,21.0,23.0,18.9,11.2,11.2,0.0,15.7,87.0,1,0,1,0,0,1,6,2021,1,0,1
2021-06-16,13480597.0,22.4,27.1,19.1,0.0,0.0,0.0,23.7,70.0,0,0,2,0,0,1,6,2021,1,0,1
2021-06-17,13402988.0,20.2,23.7,17.7,0.3,0.3,0.0,15.8,79.0,0,0,3,0,0,1,6,2021,1,0,1
2021-06-18,13531713.0,19.6,22.1,18.0,7.1,7.1,0.0,22.4,92.0,1,0,4,0,0,1,6,2021,1,0,1
2021-06-19,9643305.0,20.2,24.5,17.5,0.0,0.0,0.0,13.2,82.0,0,0,5,1,0,0,6,2021,1,0,1
2021-06-20,6812659.0,20.5,26.4,14.8,0.6,0.6,0.0,25.2,83.0,0,0,6,1,0,0,6,2021,1,0,1
2021-06-21,13395182.0,21.1,25.2,17.9,0.4,0.4,0.0,13.0,82.0,0,0,0,0,0,1,6,2021,1,0,1
2021-06-22,13554067.0,21.3,25.8,17.8,0.5,0.5,0.0,12.9,76.0,0,0,1,0,0,1,6,2021,1,0,1
2021-06-23,13555851.0,21.0,25.3,17.9,0.8,0.8,0.0,11.9,82.0,0,0,2,0,0,1,6,2021,1,0,1
2021-06-24,13706151.0,21.5,25.3,17.8,0.2,0.2,0.0,7.4,83.0,0,0,3,0,0,1,6,2021,1,0,1
2021-06-25,14183314.0,21.4,25.8,17.5,0.5,0.5,0.0,14.1,82.0,0,0,4,0,0,1,6,2021,1,0,1
2021-06-26,9292366.0,21.4,24.9,19.1,3.5,3.5,0.0,9.8,84.0,1,0,5,1,0,0,6,2021,1,0,1
2021-06-27,6901609.0,23.0,27.3,18.6,0.5,0.5,0.0,9.8,77.0,0,0,6,1,0,0,6,2021,1,0,1
2021-06-28,13150337.0,23.0,26.4,20.2,4.5,4.5,0.0,9.4,82.0,1,0,0,0,0,1,6,2021,1,0,1
2021-06-29,13503336.0,23.2,27.1,20.3,2.9,2.9,0.0,9.1,82.0,1,0,1,0,0,1,6,2021,1,0,1
2021-06-30,13455023.0,22.9,26.7,19.8,3.7,3.7,0.0,7.7,86.0,1,0,2,0,0,1,6,2021,1,0,1
2021-07-01,13537811.0,24.4,29.3,20.1,0.1,0.1,0.0,11.8,79.0,0,0,3,0,0,1,7,2021,1,0,1
2021-07-02,14009104.0,25.3,29.8,21.8,0.0,0.0,0.0,11.9,72.0,0,0,4,0,0,1,7,2021,1,0,1
2021-07-03,8710025.0,22.6,26.7,20.3,37.0,37.0,0.0,28.4,77.0,1,1,5,1,0,0,7,2021,1,0,1
2021-07-04,5775560.0,21.9,24.4,19.6,26.0,26.0,0.0,24.5,91.0,1,0,6,1,0,0,7,2021,1,0,1
2021-07-05,13356790.0,22.0,25.1,19.4,0.0,0.0,0.0,13.3,84.0,0,0,0,0,0,1,7,2021,1,0,1
2021-07-06,13568286.0,23.4,28.2,18.9,0.1,0.1,0.0,10.9,78.0,0,0,1,0,0,1,7,2021,1,0,1
2021-07-07,13099571.0,24.6,28.2,21.9,2.8,2.8,0.0,12.3,86.0,1,0,2,0,0,1,7,2021,1,0,1
2021-07-08,12687026.0,24.5,28.7,22.0,12.2,12.2,0.0,9.4,87.0,1,0,3,0,0,1,7,2021,1,0,1
2021-07-09,12823835.0,23.4,26.9,20.8,3.2,3.2,0.0,13.0,88.0,1,0,4,0,0,1,7,2021,1,0,1
2021-07-10,7645129.0,23.4,27.4,20.6,10.4,10.4,0.0,16.1,90.0,1,0,5,1,0,0,7,2021,1,0,1
2021-07-11,5234012.0,24.0,27.2,21.5,7.9,7.9,0.0,20.9,92.0,1,0,6,1,0,0,7,2021,1,0,1
2021-07-12,11441066.0,26.6,30.9,22.8,1.1,1.1,0.0,10.1,85.0,1,0,0,0,0,1,7,2021,1,0,1
2021-07-13,11435729.0,27.5,32.1,24.1,0.1,0.1,0.0,15.1,83.0,0,0,1,0,0,1,7,2021,1,0,1
2021-07-14,11328581.0,27.8,31.5,24.9,1.2,1.2,0.0,15.5,81.0,1,0,2,0,0,1,7,2021,1,0,1
2021-07-15,11152555.0,27.0,31.3,23.9,7.1,7.1,0.0,9.2,83.0,1,0,3,0,0,1,7,2021,1,0,1
2021-07-16,11413850.0,26.5,31.4,23.4,9.7,9.7,0.0,14.6,83.0,1,0,4,0,0,1,7,2021,1,0,1
2021-07-17,6955649.0,26.1,29.3,23.5,1.1,1.1,0.0,11.9,80.0,1,0,5,1,0,0,7,2021,1,0,1
2021-07-18,4917304.0,27.2,31.3,23.7,0.4,0.4,0.0,10.0,74.0,0,0,6,1,0,0,7,2021,1,0,1
2021-07-19,11209301.0,25.9,29.3,23.8,4.0,4.0,0.0,10.4,84.0,1,0,0,0,0,1,7,2021,1,0,1
2021-07-20,11412231.0,26.9,30.9,23.5,1.2,1.2,0.0,8.3,83.0,1,0,1,0,0,1,7,2021,1,0,1
2021-07-21,11267534.0,28.9,33.3,24.2,0.0,0.0,0.0,9.0,75.0,0,0,2,0,0,1,7,2021,1,0,1
2021-07-22,11129965.0,28.7,33.4,24.1,0.0,0.0,0.0,9.0,71.0,0,0,3,0,0,1,7,2021,1,0,1
2021-07-23,11443734.0,28.7,33.2,24.3,0.0,0.0,0.0,7.9,73.0,0,0,4,0,0,1,7,2021,1,0,1
2021-07-24,6930392.0,29.4,34.1,25.3,0.0,0.0,0.0,9.3,72.0,0,0,5,1,0,0,7,2021,1,0,1
2021-07-25,4827739.0,29.4,33.8,25.1,0.0,0.0,0.0,12.5,65.0,0,0,6,1,0,0,7,2021,1,0,1
2021-07-26,11142904.0,29.3,34.4,24.9,0.0,0.0,0.0,16.6,65.0,0,0,0,0,0,1,7,2021,1,0,1
2021-07-27,11171030.0,29.6,33.7,25.8,0.2,0.2,0.0,12.3,66.0,0,0,1,0,0,1,7,2021,1,0,1
2021-07-28,11122613.0,29.1,32.9,25.7,0.5,0.5,0.0,11.7,71.0,0,0,2,0,0,1,7,2021,1,0,1
2021-07-29,11016238.0,28.4,32.3,25.5,0.1,0.1,0.0,15.6,74.0,0,0,3,0,0,1,7,2021,1,0,1
2021-07-30,11247964.0,28.9,35.0,24.8,0.0,0.0,0.0,19.5,73.0,0,0,4,0,0,1,7,2021,1,0,1
2021-07-31,6825562.0,28.3,32.4,25.2,3.6,3.6,0.0,14.8,76.0,1,0,5,1,0,0,7,2021,1,0,1
2021-08-01,4800243.0,26.1,27.3,24.8,31.1,31.1,0.0,7.4,89.0,1,1,6,1,0,0,8,2021,1,0,1
2021-08-02,10565545.0,25.4,28.2,23.5,9.9,9.9,0.0,11.0,90.0,1,0,0,0,0,1,8,2021,1,0,1
2021-08-03,10742782.0,26.1,29.6,22.5,1.9,1.9,0.0,10.5,86.0,1,0,1,0,0,1,8,2021,1,0,1
2021-08-04,10834557.0,26.8,30.6,24.3,2.1,2.1,0.0,15.6,84.0,1,0,2,0,0,1,8,2021,1,0,1
2021-08-05,11087227.0,27.3,31.5,23.2,0.5,0.5,0.0,11.5,79.0,0,0,3,0,0,1,8,2021,1,0,1
2021-08-06,11257491.0,26.6,31.1,24.1,4.7,4.7,0.0,13.5,82.0,1,0,4,0,0,1,8,2021,1,0,1
2021-08-07,7258501.0,26.1,30.5,21.5,0.0,0.0,0.0,10.2,75.0,0,0,5,1,0,0,8,2021,1,0,1
2021-08-08,5082880.0,25.8,30.3,22.0,2.0,2.0,0.0,13.4,78.0,1,0,6,1,0,0,8,2021,1,0,1
2021-08-09,11418885.0,27.0,31.4,22.8,0.1,0.1,0.0,15.5,66.0,0,0,0,0,0,1,8,2021,1,0,1
2021-08-10,11563582.0,26.0,29.9,22.5,1.9,1.9,0.0,16.3,71.0,1,0,1,0,0,1,8,2021,1,0,1
2021-08-11,11498508.0,25.8,30.1,22.5,0.0,0.0,0.0,12.4,78.0,0,0,2,0,0,1,8,2021,1,0,1
2021-08-12,11433685.0,26.0,30.1,21.5,0.1,0.1,0.0,10.3,75.0,0,0,3,0,0,1,8,2021,1,0,1
2021-08-13,11621725.0,26.0,29.3,22.5,0.0,0.0,0.0,11.6,72.0,0,0,4,0,0,1,8,2021,1,0,1
2021-08-14,7459023.0,25.2,28.8,22.3,0.5,0.5,0.0,21.2,68.0,0,0,5,1,0,0,8,2021,1,0,1
2021-08-15,5517722.0,25.6,30.2,20.8,0.0,0.0,0.0,13.8,63.0,0,0,6,1,1,0,8,2021,1,0,1
2021-08-16,7023505.0,25.9,30.4,21.2,0.4,0.4,0.0,13.1,63.0,0,0,0,0,1,0,8,2021,1,0,1
2021-08-17,11724662.0,25.3,30.6,21.4,1.7,1.7,0.0,16.5,64.0,1,0,1,0,0,1,8,2021,1,0,1
2021-08-18,11648950.0,24.2,29.9,20.0,4.4,4.4,0.0,18.4,65.0,1,0,2,0,0,1,8,2021,1,0,1
2021-08-19,11878411.0,24.9,29.3,20.3,0.0,0.0,0.0,16.0,61.0,0,0,3,0,0,1,8,2021,1,0,1
2021-08-20,12102854.0,25.6,29.3,21.6,2.6,2.6,0.0,14.3,66.0,1,0,4,0,0,1,8,2021,1,0,1
2021-08-21,6835710.0,23.7,26.2,21.7,48.9,48.9,0.0,41.3,84.0,1,1,5,1,0,0,8,2021,1,0,1
2021-08-22,5666240.0,23.5,26.4,21.6,1.9,1.9,0.0,18.6,85.0,1,0,6,1,0,0,8,2021,1,0,1
2021-08-23,11587758.0,21.7,24.3,19.9,33.0,33.0,0.0,15.8,90.0,1,1,0,0,0,1,8,2021,1,0,1
2021-08-24,11569207.0,23.2,27.4,20.5,47.2,47.2,0.0,26.0,88.0,1,1,1,0,0,1,8,2021,1,0,1
2021-08-25,12078884.0,24.0,27.3,21.6,5.1,5.1,0.0,10.9,89.0,1,0,2,0,0,1,8,2021,1,0,1
2021-08-26,12079862.0,23.9,28.4,19.5,0.5,0.5,0.0,25.7,89.0,0,0,3,0,0,1,8,2021,1,0,1
2021-08-27,12065259.0,22.2,24.2,19.0,0.8,0.8,0.0,10.2,88.0,0,0,4,0,0,1,8,2021,1,0,1
2021-08-28,8205144.0,22.0,26.1,19.1,0.0,0.0,0.0,16.2,86.0,0,0,5,1,0,0,8,2021,1,0,1
2021-08-29,5896939.0,22.3,24.7,20.4,7.1,7.1,0.0,12.4,86.0,1,0,6,1,0,0,8,2021,1,0,1
2021-08-30,12125751.0,22.3,25.7,19.9,0.0,0.0,0.0,9.8,88.0,0,0,0,0,0,1,8,2021,1,0,1
2021-08-31,11714286.0,20.6,22.3,18.5,76.2,76.2,0.0,16.6,91.0,1,1,1,0,0,1,8,2021,1,0,1
2021-09-01,12032565.0,20.8,23.3,18.3,58.1,58.1,0.0,23.9,83.0,1,1,2,0,0,1,9,2021,1,0,1
2021-09-02,12201805.0,21.7,24.6,19.8,0.0,0.0,0.0,13.3,78.0,0,0,3,0,0,1,9,2021,1,0,1
2021-09-03,12746332.0,22.4,26.7,18.7,0.1,0.1,0.0,16.0,72.0,0,0,4,0,0,1,9,2021,1,0,1
2021-09-04,8680351.0,21.4,26.1,16.8,0.0,0.0,0.0,18.7,68.0,0,0,5,1,0,0,9,2021,1,0,1
2021-09-05,6238910.0,21.4,25.9,17.3,0.1,0.1,0.0,18.1,69.0,0,0,6,1,0,0,9,2021,1,0,1
2021-09-06,12286689.0,20.7,24.3,18.5,16.5,16.5,0.0,19.4,76.0,1,0,0,0,0,1,9,2021,1,0,1
2021-09-07,11730683.0,20.5,23.1,18.9,35.9,35.9,0.0,22.4,91.0,1,1,1,0,0,1,9,2021,1,0,1
2021-09-08,12595012.0,20.9,25.2,17.9,0.3,0.3,0.0,16.9,84.0,0,0,2,0,0,1,9,2021,1,0,1
2021-09-09,12556835.0,21.2,26.5,16.8,0.0,0.0,0.0,7.6,87.0,0,0,3,0,0,1,9,2021,1,0,1
2021-09-10,12882078.0,21.7,26.1,18.3,0.7,0.7,0.0,12.9,87.0,0,0,4,0,0,1,9,2021,1,0,1
2021-09-11,8933284.0,21.8,26.6,17.7,0.0,0.0,0.0,12.2,85.0,0,0,5,1,0,0,9,2021,1,0,1
2021-09-12,6477306.0,21.7,27.1,16.8,0.0,0.0,0.0,11.5,81.0,0,0,6,1,0,0,9,2021,1,0,1
2021-09-13,12518119.0,22.8,27.7,18.3,0.0,0.0,0.0,14.2,77.0,0,0,0,0,0,1,9,2021,1,0,1
2021-09-14,12652596.0,23.0,28.4,18.2,0.0,0.0,0.0,17.2,71.0,0,0,1,0,0,1,9,2021,1,0,1
2021-09-15,12892661.0,21.9,27.3,17.8,0.0,0.0,0.0,21.8,67.0,0,0,2,0,0,1,9,2021,1,0,1
2021-09-16,12877972.0,21.2,26.3,16.2,0.0,0.0,0.0,15.9,70.0,0,0,3,0,0,1,9,2021,1,0,1
2021-09-17,13028919.0,21.5,25.3,18.6,0.0,0.0,0.0,21.7,69.0,0,0,4,0,0,1,9,2021,1,0,1
2021-09-18,8122303.0,21.5,26.3,16.8,0.0,0.0,0.0,8.7,77.0,0,0,5,1,0,0,9,2021,1,0,1
2021-09-19,5886568.0,22.0,25.8,18.8,0.1,0.1,0.0,10.0,79.0,0,0,6,1,0,0,9,2021,1,0,1
2021-09-20,4761727.0,22.2,26.9,17.9,0.0,0.0,0.0,24.7,69.0,0,0,0,0,1,0,9,2021,1,0,1
2021-09-21,3807247.0,21.7,24.0,19.8,24.5,24.5,0.0,21.7,85.0,1,0,1,0,1,0,9,2021,1,0,1
2021-09-22,5677316.0,20.3,22.6,17.2,11.3,11.3,0.0,27.1,82.0,1,0,2,0,1,0,9,2021,1,0,1
2021-09-23,11835799.0,19.3,23.3,16.3,0.0,0.0,0.0,20.1,76.0,0,0,3,0,0,1,9,2021,1,0,1
2021-09-24,12598479.0,20.0,25.0,14.5,0.0,0.0,0.0,13.0,76.0,0,0,4,0,0,1,9,2021,1,0,1
2021-09-25,8516915.0,20.0,22.2,18.3,0.0,0.0,0.0,12.4,80.0,0,0,5,1,0,0,9,2021,1,0,1
2021-09-26,6167210.0,21.0,25.1,18.0,0.0,0.0,0.0,14.0,73.0,0,0,6,1,0,0,9,2021,1,0,1
2021-09-27,12545233.0,19.7,24.0,16.8,1.6,1.6,0.0,13.3,76.0,1,0,0,0,0,1,9,2021,1,0,1
2021-09-28,12563966.0,20.1,23.9,17.5,7.3,7.3,0.0,13.0,82.0,1,0,1,0,0,1,9,2021,1,0,1
2021-09-29,12123919.0,19.8,21.7,16.6,20.3,20.3,0.0,20.5,94.0,1,0,2,0,0,1,9,2021,1,0,1
2021-09-30,12778629.0,19.2,24.9,14.6,0.0,0.0,0.0,9.7,86.0,0,0,3,0,0,1,9,2021,1,0,1
2021-10-01,13119586.0,19.6,25.3,15.5,0.9,0.9,0.0,14.0,83.0,0,0,4,0,0,1,10,2021,1,0,1
2021-10-02,9003237.0,19.5,24.1,16.7,1.8,1.8,0.0,11.4,85.0,1,0,5,1,0,0,10,2021,1,0,1
2021-10-03,6744947.0,20.2,26.7,15.9,0.0,0.0,0.0,14.6,82.0,0,0,6,1,1,0,10,2021,1,0,1
2021-10-04,7339982.0,21.6,24.5,17.7,9.4,9.4,0.0,28.7,87.0,1,0,0,0,1,0,10,2021,1,0,1
2021-10-05,12712333.0,22.7,25.2,21.2,1.5,1.5,0.0,25.6,89.0,1,0,1,0,0,1,10,2021,1,0,1
2021-10-06,12579424.0,18.9,20.7,17.4,6.9,6.9,0.0,15.9,88.0,1,0,2,0,0,1,10,2021,1,0,1
2021-10-07,12696715.0,18.9,20.6,17.6,8.3,8.3,0.0,9.7,90.0,1,0,3,0,0,1,10,2021,1,0,1
2021-10-08,13113775.0,18.4,20.1,16.7,7.2,7.2,0.0,8.3,94.0,1,0,4,0,0,1,10,2021,1,0,1
2021-10-09,8604777.0,20.0,24.7,17.1,0.2,0.2,0.0,13.2,87.0,0,0,5,1,1,0,10,2021,1,0,1
2021-10-10,6261261.0,19.7,23.9,14.5,7.7,7.7,0.0,23.0,91.0,1,0,6,1,0,0,10,2021,1,0,1
2021-10-11,7917356.0,14.9,18.9,11.7,7.1,7.1,0.0,13.2,73.0,1,0,0,0,1,0,10,2021,1,0,1
2021-10-12,12957131.0,16.8,19.3,15.3,1.4,1.4,0.0,17.0,69.0,1,0,1,0,0,1,10,2021,1,0,1
2021-10-13,13135527.0,18.1,23.2,14.3,0.0,0.0,0.0,14.3,71.0,0,0,2,0,0,1,10,2021,1,0,1
2021-10-14,13065646.0,17.8,21.9,15.2,0.1,0.1,0.0,13.0,83.0,0,0,3,0,0,1,10,2021,1,0,1
2021-10-15,13261005.0,17.5,21.0,15.5,4.9,4.9,0.0,7.6,85.0,1,0,4,0,0,1,10,2021,1,0,1
2021-10-16,9379330.0,10.3,16.6,4.5,1.2,1.2,0.0,25.5,53.0,1,0,5,1,0,0,10,2021,1,0,1
2021-10-17,6483818.0,4.4,8.5,0.4,0.0,0.0,0.0,20.2,46.0,0,0,6,1,0,0,10,2021,1,0,1
2021-10-18,12603627.0,7.5,13.6,1.7,2.4,2.4,0.0,10.2,71.0,1,0,0,0,0,1,10,2021,1,0,1
2021-10-19,12910902.0,9.7,14.0,4.6,4.2,4.2,0.0,22.0,76.0,1,0,1,0,0,1,10,2021,1,0,1
2021-10-20,13309922.0,7.0,12.8,1.9,0.0,0.0,0.0,10.6,74.0,0,0,2,0,0,1,10,2021,1,0,1
2021-10-21,13186245.0,7.7,13.2,4.4,0.0,0.0,0.0,10.5,69.0,0,0,3,0,0,1,10,2021,1,0,1
2021-10-22,13605611.0,9.0,14.9,4.3,0.0,0.0,0.0,14.6,62.0,0,0,4,0,0,1,10,2021,1,0,1
2021-10-23,9823717.0,9.5,15.6,3.1,0.0,0.0,0.0,9.5,68.0,0,0,5,1,0,0,10,2021,1,0,1
2021-10-24,7109521.0,8.7,15.1,3.2,0.0,0.0,0.0,9.5,76.0,0,0,6,1,0,0,10,2021,1,0,1
2021-10-25,13124566.0,9.0,15.3,3.5,0.0,0.0,0.0,9.1,77.0,0,0,0,0,0,1,10,2021,1,0,1
2021-10-26,13429026.0,10.0,16.7,4.5,0.0,0.0,0.0,11.4,86.0,0,0,1,0,0,1,10,2021,1,0,1
2021-10-27,13556239.0,11.4,15.9,7.3,0.3,0.3,0.0,16.2,74.0,0,0,2,0,0,1,10,2021,1,0,1
2021-10-28,13505969.0,10.5,16.6,5.5,0.0,0.0,0.0,11.3,66.0,0,0,3,0,0,1,10,2021,1,0,1
2021-10-29,13929813.0,11.4,17.2,7.6,0.0,0.0,0.0,13.4,69.0,0,0,4,0,0,1,10,2021,1,0,1
2021-10-30,10130303.0,12.0,17.1,8.7,0.0,0.0,0.0,9.6,76.0,0,0,5,1,0,0,10,2021,1,0,1
2021-10-31,7438343.0,11.5,17.8,7.0,2.2,2.2,0.0,9.7,87.0,1,0,6,1,0,0,10,2021,1,0,1
2021-11-01,13261905.0,10.7,14.7,8.1,0.4,0.4,0.0,12.3,87.0,0,0,0,0,0,1,11,2021,1,0,1
2021-11-02,13574700.0,9.3,14.8,4.3,0.0,0.0,0.0,11.2,82.0,0,0,1,0,0,1,11,2021,1,0,1
2021-11-03,13742151.0,9.7,14.8,5.4,0.0,0.0,0.0,10.5,77.0,0,0,2,0,0,1,11,2021,1,0,1
2021-11-04,13686039.0,11.1,16.2,6.7,0.8,0.8,0.0,9.4,86.0,0,0,3,0,0,1,11,2021,1,0,1
2021-11-05,14250817.0,10.1,17.1,5.7,0.0,0.0,0.0,11.6,83.0,0,0,4,0,0,1,11,2021,1,0,1
2021-11-06,10410686.0,11.2,18.8,6.4,0.0,0.0,0.0,10.8,75.0,0,0,5,1,0,0,11,2021,1,0,1
2021-11-07,7635699.0,12.6,19.2,7.2,0.0,0.0,0.0,19.2,74.0,0,0,6,1,0,0,11,2021,1,0,1
2021-11-08,12626289.0,8.9,13.9,4.0,22.1,22.1,0.0,28.4,77.0,1,0,0,0,0,1,11,2021,1,0,1
2021-11-09,13240601.0,4.4,7.4,1.5,1.5,1.5,0.0,15.3,80.0,1,0,1,0,0,1,11,2021,1,0,1
2021-11-10,13825196.0,3.0,6.2,-0.8,0.0,0.0,0.0,20.3,76.0,0,0,2,0,0,1,11,2021,1,0,1
2021-11-11,13848654.0,4.1,8.5,0.2,0.1,0.1,0.0,22.5,68.0,0,0,3,0,0,1,11,2021,1,0,1
2021-11-12,14135144.0,3.0,7.3,-0.5,0.0,0.0,0.0,19.7,66.0,0,0,4,0,0,1,11,2021,1,0,1
2021-11-13,10181126.0,5.1,11.8,-1.3,0.0,0.0,0.0,9.4,78.0,0,0,5,1,0,0,11,2021,1,0,1
2021-11-14,7395543.0,9.0,15.1,4.6,0.3,0.3,0.0,17.3,75.0,0,0,6,1,0,0,11,2021,1,0,1
2021-11-15,13309054.0,7.8,12.8,2.8,0.0,0.0,0.0,8.6,81.0,0,0,0,0,0,1,11,2021,1,0,1
2021-11-16,13658504.0,6.1,11.3,1.5,0.0,0.0,0.0,10.3,78.0,0,0,1,0,0,1,11,2021,1,0,1
2021-11-17,13843670.0,5.0,10.0,0.2,0.0,0.0,0.0,10.6,79.0,0,0,2,0,0,1,11,2021,1,0,1
2021-11-18,13612549.0,8.6,14.1,3.1,1.2,1.2,0.0,21.3,84.0,1,0,3,0,0,1,11,2021,1,0,1
2021-11-19,14205510.0,11.1,16.5,6.7,1.1,1.1,0.0,14.8,86.0,1,0,4,0,0,1,11,2021,1,0,1
2021-11-20,10118465.0,6.8,12.7,1.6,0.0,0.0,0.0,8.9,85.0,0,0,5,1,0,0,11,2021,1,0,1
2021-11-21,7235190.0,8.3,11.4,5.1,4.7,4.7,0.0,23.3,86.0,1,0,6,1,0,0,11,2021,1,0,1
2021-11-22,13354997.0,2.9,8.2,-1.3,3.0,3.0,0.0,26.6,67.0,1,0,0,0,0,1,11,2021,1,0,1
2021-11-23,13558474.0,-1.5,1.7,-4.7,0.0,0.0,0.0,22.9,62.0,0,0,1,0,0,1,11,2021,1,0,1
2021-11-24,13700416.0,2.4,9.5,-4.6,0.0,0.0,0.0,23.1,69.0,0,0,2,0,0,1,11,2021,1,0,1
2021-11-25,13856357.0,4.0,8.2,0.3,0.0,0.0,0.0,15.5,66.0,0,0,3,0,0,1,11,2021,1,0,1
2021-11-26,14234887.0,0.7,6.2,-3.5,0.0,0.0,0.0,15.3,63.0,0,0,4,0,0,1,11,2021,1,0,1
2021-11-27,10046092.0,0.1,6.0,-4.2,0.0,0.0,0.0,9.0,69.0,0,0,5,1,0,0,11,2021,1,0,1
2021-11-28,7309283.0,2.0,9.4,-3.6,0.0,0.0,0.0,9.7,62.0,0,0,6,1,0,0,11,2021,1,0,1
2021-11-29,13407624.0,3.9,10.4,-1.3,0.0,0.0,0.0,10.1,74.0,0,0,0,0,0,1,11,2021,1,0,1
2021-11-30,12889306.0,4.5,8.6,-0.3,24.3,24.3,0.0,28.1,83.0,1,0,1,0,0,1,11,2021,1,0,1
2021-12-01,13416558.0,-2.3,0.6,-4.9,0.0,0.0,0.0,28.4,55.0,0,0,2,0,0,1,12,2021,1,0,1
2021-12-02,13342735.0,-0.4,5.5,-6.1,0.5,0.5,0.0,19.7,70.0,0,0,3,0,0,1,12,2021,1,0,1
2021-12-03,13878441.0,0.6,4.6,-3.8,0.1,0.1,0.0,22.1,61.0,0,0,4,0,0,1,12,2021,1,0,1
2021-12-04,9402782.0,-0.7,5.4,-5.1,0.0,0.0,0.0,14.4,60.0,0,0,5,1,0,0,12,2021,1,0,1
2021-12-05,6724913.0,0.6,7.3,-4.5,0.0,0.0,0.0,9.5,60.0,0,0,6,1,0,0,12,2021,1,0,1
2021-12-06,13026380.0,1.9,9.2,-3.1,0.0,0.0,0.0,10.1,72.0,0,0,0,0,0,1,12,2021,1,0,1
2021-12-07,13225028.0,3.3,10.6,-1.2,0.0,0.0,0.0,11.9,79.0,0,0,1,0,0,1,12,2021,1,0,1
2021-12-08,13231673.0,2.7,9.3,-2.6,0.0,0.0,0.0,10.5,83.0,0,0,2,0,0,1,12,2021,1,0,1
2021-12-09,13143619.0,3.5,8.7,-1.2,0.0,0.0,0.0,11.2,83.0,0,0,3,0,0,1,12,2021,1,0,1
2021-12-10,13390580.0,4.7,8.0,1.9,0.4,0.4,0.0,11.3,87.0,0,0,4,0,0,1,12,2021,1,0,1
2021-12-11,9064958.0,3.1,7.5,0.9,0.0,0.0,0.0,8.6,92.0,0,0,5,1,0,0,12,2021,1,0,1
2021-12-12,6508370.0,-0.2,4.1,-5.2,0.0,0.0,0.0,26.8,67.0,0,0,6,1,0,0,12,2021,1,0,1
2021-12-13,12491575.0,-4.2,-0.3,-7.0,0.0,0.0,0.0,15.3,48.0,0,0,0,0,0,1,12,2021,1,0,1
2021-12-14,12904154.0,2.2,6.8,-3.0,0.4,0.4,0.0,11.2,69.0,0,0,1,0,0,1,12,2021,1,0,1
2021-12-15,13060926.0,5.7,10.0,1.9,3.2,3.2,0.0,16.1,91.0,1,0,2,0,0,1,12,2021,1,0,1
2021-12-16,13094998.0,3.8,8.3,1.2,0.2,0.2,0.0,18.9,86.0,0,0,3,0,0,1,12,2021,1,0,1
2021-12-17,13338747.0,-5.8,1.6,-11.2,0.0,0.0,0.0,31.6,49.0,0,0,4,0,0,1,12,2021,1,0,1
2021-12-18,9122644.0,-6.3,-0.4,-11.1,3.7,0.1,2.52,14.8,53.0,0,0,5,1,0,0,12,2021,1,0,1
2021-12-19,6756778.0,-2.8,1.8,-7.2,1.0,0.0,0.7,17.1,65.0,0,0,6,1,0,0,12,2021,1,0,1
2021-12-20,12814494.0,1.4,9.3,-3.8,0.0,0.0,0.0,18.7,84.0,0,0,0,0,0,1,12,2021,1,0,1
2021-12-21,13186697.0,2.2,6.5,-2.6,0.0,0.0,0.0,13.7,82.0,0,0,1,0,0,1,12,2021,1,0,1
2021-12-22,13405140.0,-1.3,5.4,-5.5,0.0,0.0,0.0,10.6,57.0,0,0,2,0,0,1,12,2021,1,0,1
2021-12-23,13445383.0,0.2,5.7,-3.7,0.0,0.0,0.0,8.3,65.0,0,0,3,0,0,1,12,2021,1,0,1
2021-12-24,13625029.0,-1.5,2.0,-8.1,0.0,0.0,0.0,20.5,70.0,0,0,4,0,0,1,12,2021,1,0,1
2021-12-25,7568773.0,-11.8,-8.9,-14.5,0.0,0.0,0.0,22.5,34.0,0,0,5,1,1,0,12,2021,1,0,1
2021-12-26,5749927.0,-12.2,-8.0,-15.5,0.0,0.0,0.0,16.8,31.0,0,0,6,1,0,0,12,2021,1,0,1
2021-12-27,12097347.0,-8.6,-2.5,-12.6,0.0,0.0,0.0,10.9,59.0,0,0,0,0,0,1,12,2021,1,0,1
2021-12-28,12725075.0,-4.6,1.0,-8.8,0.0,0.0,0.0,9.5,76.0,0,0,1,0,0,1,12,2021,1,0,1
2021-12-29,13095980.0,-0.3,6.3,-5.1,1.6,0.5,0.77,22.8,77.0,0,0,2,0,0,1,12,2021,1,0,1
2021-12-30,12837720.0,-4.6,-0.9,-7.6,0.0,0.0,0.0,21.4,50.0,0,0,3,0,0,1,12,2021,1,0,1
2021-12-31,12006326.0,-7.3,-4.5,-9.4,0.0,0.0,0.0,23.7,37.0,0,0,4,0,0,1,12,2021,1,0,1
2022-01-01,5207474.0,-5.9,-0.1,-9.4,0.0,0.0,0.0,9.2,50.0,0,0,5,1,1,0,1,2022,1,0,1
2022-01-02,5946102.0,-2.1,2.2,-6.9,0.4,0.0,0.28,17.6,54.0,0,0,6,1,0,0,1,2022,1,0,1
2022-01-03,12280159.0,-4.4,1.0,-8.7,0.1,0.0,0.07,13.0,62.0,0,0,0,0,0,1,1,2022,1,0,1
2022-01-04,12674763.0,-3.6,-0.3,-6.7,0.0,0.0,0.0,14.5,49.0,0,0,1,0,0,1,1,2022,1,0,1
2022-01-05,12723717.0,-3.6,2.7,-7.9,0.0,0.0,0.0,9.4,42.0,0,0,2,0,0,1,1,2022,1,0,1
2022-01-06,12863802.0,-3.4,2.5,-6.3,0.0,0.0,0.0,15.2,41.0,0,0,3,0,0,1,1,2022,1,0,1
2022-01-07,13269141.0,-4.2,2.4,-8.0,0.0,0.0,0.0,9.7,56.0,0,0,4,0,0,1,1,2022,1,0,1
2022-01-08,8973484.0,-1.1,4.6,-6.5,0.0,0.0,0.0,20.6,65.0,0,0,5,1,0,0,1,2022,1,0,1
2022-01-09,6435080.0,-1.0,3.8,-5.0,0.0,0.0,0.0,10.5,83.0,0,0,6,1,0,0,1,2022,1,0,1
2022-01-10,12776727.0,-1.6,3.6,-5.3,0.8,0.0,0.56,9.8,78.0,0,0,0,0,0,1,1,2022,1,0,1
2022-01-11,12873421.0,-7.2,-1.4,-10.5,0.6,0.0,0.42,23.9,53.0,0,0,1,0,0,1,1,2022,1,0,1
2022-01-12,12717072.0,-8.0,-4.5,-10.6,0.0,0.0,0.0,14.8,42.0,0,0,2,0,0,1,1,2022,1,0,1
2022-01-13,12804046.0,-7.0,-3.8,-9.1,0.0,0.0,0.0,30.4,44.0,0,0,3,0,0,1,1,2022,1,0,1
2022-01-14,13208478.0,-6.6,-1.2,-10.0,0.0,0.0,0.0,13.2,44.0,0,0,4,0,0,1,1,2022,1,0,1
2022-01-15,9064967.0,-2.2,2.7,-6.2,0.1,0.1,0.0,10.7,52.0,0,0,5,1,0,0,1,2022,1,0,1
2022-01-16,6588579.0,-3.4,-0.2,-7.9,0.2,0.0,0.14,20.0,62.0,0,0,6,1,0,0,1,2022,1,0,1
2022-01-17,12834558.0,-5.9,-0.5,-8.7,0.0,0.0,0.07,21.0,57.0,0,0,0,0,0,1,1,2022,1,0,1
2022-01-18,12997115.0,-6.5,-1.7,-10.0,0.0,0.0,0.0,13.1,39.0,0,0,1,0,0,1,1,2022,1,0,1
2022-01-19,13402783.0,-5.5,-1.3,-8.5,1.6,0.0,1.12,18.9,53.0,0,0,2,0,0,1,1,2022,1,0,1
2022-01-20,13191883.0,-6.1,0.4,-10.1,0.0,0.0,0.0,11.4,49.0,0,0,3,0,0,1,1,2022,1,0,1
2022-01-21,13556977.0,-4.1,2.4,-8.8,0.0,0.0,0.0,9.9,47.0,0,0,4,0,0,1,1,2022,1,0,1
2022-01-22,9306943.0,-1.2,3.7,-6.0,0.0,0.0,0.0,10.0,50.0,0,0,5,1,0,0,1,2022,1,0,1
2022-01-23,6692689.0,0.6,6.6,-3.1,0.0,0.0,0.0,13.7,49.0,0,0,6,1,0,0,1,2022,1,0,1
2022-01-24,12983885.0,2.4,7.5,-0.9,0.0,0.0,0.0,17.3,68.0,0,0,0,0,0,1,1,2022,1,0,1
2022-01-25,13067137.0,2.0,5.3,-0.7,0.8,0.3,0.35,15.1,78.0,0,0,1,0,0,1,1,2022,1,0,1
2022-01-26,13300941.0,-0.8,4.8,-4.9,0.0,0.0,0.0,14.8,70.0,0,0,2,0,0,1,1,2022,1,0,1
2022-01-27,13051506.0,-2.3,3.1,-5.8,0.0,0.0,0.0,14.5,53.0,0,0,3,0,0,1,1,2022,1,0,1
2022-01-28,12906466.0,-3.7,1.6,-7.0,0.0,0.0,0.0,16.7,49.0,0,0,4,0,0,1,1,2022,1,0,1
2022-01-29,7579246.0,-4.4,0.2,-7.2,0.0,0.0,0.0,17.7,44.0,0,0,5,1,0,0,1,2022,1,0,1
2022-01-30,5518933.0,-4.2,1.7,-7.7,0.0,0.0,0.0,14.9,42.0,0,0,6,1,0,0,1,2022,1,0,1
2022-01-31,4214014.0,-2.7,3.7,-7.7,1.0,0.1,0.63,16.0,59.0,0,0,0,0,1,0,1,2022,1,0,1
2022-02-01,3766887.0,-1.6,2.1,-5.9,0.9,0.0,0.63,19.8,67.0,0,0,1,0,1,0,2,2022,1,0,1
2022-02-02,5179270.0,-4.8,-0.7,-7.2,0.0,0.0,0.0,16.0,61.0,0,0,2,0,1,0,2,2022,1,0,1
2022-02-03,11535284.0,-4.3,0.0,-7.2,0.0,0.0,0.0,17.5,45.0,0,0,3,0,0,1,2,2022,1,0,1
2022-02-04,12207586.0,-5.8,-2.1,-9.2,0.0,0.0,0.0,25.2,52.0,0,0,4,0,0,1,2,2022,1,0,1
2022-02-05,7781347.0,-7.2,-2.9,-9.9,0.0,0.0,0.0,24.9,46.0,0,0,5,1,0,0,2,2022,1,0,1
2022-02-06,5634371.0,-4.8,0.6,-8.7,0.0,0.0,0.0,19.8,48.0,0,0,6,1,0,0,2,2022,1,0,1
2022-02-07,12233990.0,-3.9,1.5,-7.5,0.0,0.0,0.0,14.5,54.0,0,0,0,0,0,1,2,2022,1,0,1
2022-02-08,12401878.0,-1.8,4.2,-5.4,0.0,0.0,0.0,12.9,57.0,0,0,1,0,0,1,2,2022,1,0,1
2022-02-09,12495455.0,-1.8,5.1,-6.7,0.0,0.0,0.0,8.5,63.0,0,0,2,0,0,1,2,2022,1,0,1
2022-02-10,12471049.0,-0.5,6.2,-4.3,0.0,0.0,0.0,16.5,60.0,0,0,3,0,0,1,2,2022,1,0,1
2022-02-11,12751224.0,0.1,7.6,-4.8,0.0,0.0,0.0,13.0,71.0,0,0,4,0,0,1,2,2022,1,0,1
2022-02-12,8619273.0,1.8,8.7,-2.5,0.0,0.0,0.0,11.1,64.0,0,0,5,1,0,0,2,2022,1,0,1
2022-02-13,6202380.0,1.8,8.5,-2.6,0.0,0.0,0.0,10.7,63.0,0,0,6,1,0,0,2,2022,1,0,1
2022-02-14,12280403.0,0.9,8.0,-3.1,1.4,0.7,0.49,20.7,81.0,0,0,0,0,0,1,2,2022,1,0,1
2022-02-15,12227444.0,-5.5,-2.9,-8.6,0.0,0.0,0.0,22.2,60.0,0,0,1,0,0,1,2,2022,1,0,1
2022-02-16,11964861.0,-7.5,-4.0,-9.7,0.0,0.0,0.0,28.8,41.0,0,0,2,0,0,1,2,2022,1,0,1
2022-02-17,11882053.0,-7.1,-1.9,-10.5,0.0,0.0,0.0,19.5,33.0,0,0,3,0,0,1,2,2022,1,0,1
2022-02-18,12366307.0,-3.2,4.2,-8.4,0.0,0.0,0.0,13.3,34.0,0,0,4,0,0,1,2,2022,1,0,1
2022-02-19,8477699.0,-2.0,2.7,-7.3,0.0,0.0,0.0,23.9,53.0,0,0,5,1,0,0,2,2022,1,0,1
2022-02-20,5913275.0,-5.5,-1.2,-8.4,0.0,0.0,0.0,21.8,38.0,0,0,6,1,0,0,2,2022,1,0,1
2022-02-21,11820471.0,-3.5,3.2,-7.8,0.2,0.0,0.14,33.0,49.0,0,0,0,0,0,1,2,2022,1,0,1
2022-02-22,11934416.0,-4.9,-0.6,-7.7,0.0,0.0,0.0,26.5,42.0,0,0,1,0,0,1,2,2022,1,0,1
2022-02-23,11866293.0,-6.0,-1.3,-9.3,0.0,0.0,0.0,20.5,31.0,0,0,2,0,0,1,2,2022,1,0,1
2022-02-24,11921463.0,-4.0,2.4,-8.7,0.0,0.0,0.0,20.3,54.0,0,0,3,0,0,1,2,2022,1,0,1
2022-02-25,12392974.0,1.0,7.9,-4.4,0.0,0.0,0.0,22.9,78.0,0,0,4,0,0,1,2,2022,1,0,1
2022-02-26,8134917.0,3.5,9.2,-0.6,1.2,1.2,0.0,32.2,85.0,1,0,5,1,0,0,2,2022,1,0,1
2022-02-27,6196713.0,1.3,7.3,-4.9,0.0,0.0,0.0,26.9,67.0,0,0,6,1,0,0,2,2022,1,0,1
2022-02-28,11553091.0,3.3,8.9,-2.1,0.0,0.0,0.0,10.0,75.0,0,0,0,0,0,1,2,2022,1,0,1
2022-03-01,6452651.0,4.0,8.9,-2.5,1.5,1.5,0.0,17.7,74.0,1,0,1,0,1,0,3,2022,1,0,1
2022-03-02,12314374.0,0.1,6.3,-5.7,0.0,0.0,0.0,23.6,69.0,0,0,2,0,0,1,3,2022,1,0,1
2022-03-03,12317322.0,2.5,9.2,-4.0,0.0,0.0,0.0,14.2,65.0,0,0,3,0,0,1,3,2022,1,0,1
2022-03-04,12448718.0,4.2,13.4,-3.3,3.7,3.7,0.0,31.0,69.0,1,0,4,0,0,1,3,2022,1,0,1
2022-03-05,8294153.0,0.8,5.6,-3.2,0.0,0.0,0.0,32.1,43.0,0,0,5,1,0,0,3,2022,1,0,1
2022-03-06,5929318.0,-0.3,5.0,-4.5,0.0,0.0,0.0,18.6,43.0,0,0,6,1,0,0,3,2022,1,0,1
2022-03-07,11997685.0,0.1,7.0,-4.5,0.0,0.0,0.0,14.6,51.0,0,0,0,0,0,1,3,2022,1,0,1
2022-03-08,12462308.0,2.2,9.8,-3.9,0.0,0.0,0.0,14.5,70.0,0,0,1,0,0,1,3,2022,1,0,1
2022-03-09,6782685.0,3.4,11.8,-1.8,0.0,0.0,0.0,12.8,84.0,0,0,2,0,1,0,3,2022,1,0,1
2022-03-10,12023815.0,5.4,13.7,0.2,0.0,0.0,0.0,15.9,70.0,0,0,3,0,0,1,3,2022,1,0,1
2022-03-11,12456947.0,6.1,15.1,-1.5,0.0,0.0,0.0,10.1,72.0,0,0,4,0,0,1,3,2022,1,0,1
2022-03-12,8473055.0,9.4,19.0,1.3,1.8,1.8,0.0,21.3,82.0,1,0,5,1,0,0,3,2022,1,0,1
2022-03-13,5393850.0,10.4,13.8,8.4,12.7,12.7,0.0,15.3,93.0,1,0,6,1,0,0,3,2022,1,0,1
2022-03-14,11574105.0,6.8,13.1,4.3,7.5,7.5,0.0,26.6,90.0,1,0,0,0,0,1,3,2022,1,0,1
2022-03-15,12016829.0,4.0,10.2,-2.4,0.0,0.0,0.0,14.1,78.0,0,0,1,0,0,1,3,2022,1,0,1
2022-03-16,12052240.0,6.9,15.1,-0.7,0.0,0.0,0.0,14.3,73.0,0,0,2,0,0,1,3,2022,1,0,1
2022-03-17,11872015.0,9.0,15.0,5.5,0.4,0.4,0.0,21.8,67.0,0,0,3,0,0,1,3,2022,1,0,1
2022-03-18,12158609.0,6.3,8.7,4.4,0.1,0.1,0.0,22.3,65.0,0,0,4,0,0,1,3,2022,1,0,1
2022-03-19,7620763.0,3.0,6.0,1.1,14.5,4.3,7.14,18.8,85.0,1,0,5,1,0,0,3,2022,1,0,1
2022-03-20,6109770.0,3.0,8.1,-1.4,0.1,0.1,0.0,18.8,75.0,0,0,6,1,0,0,3,2022,1,0,1
2022-03-21,11908243.0,2.7,8.8,-3.6,0.0,0.0,0.0,14.5,55.0,0,0,0,0,0,1,3,2022,1,0,1
2022-03-22,12157933.0,4.5,11.3,-2.5,0.0,0.0,0.0,16.0,57.0,0,0,1,0,0,1,3,2022,1,0,1
2022-03-23,12104699.0,3.9,8.0,1.0,0.0,0.0,0.0,17.9,64.0,0,0,2,0,0,1,3,2022,1,0,1
2022-03-24,12303300.0,5.9,13.2,0.1,0.0,0.0,0.0,17.6,78.0,0,0,3,0,0,1,3,2022,1,0,1
2022-03-25,12661211.0,10.6,17.5,3.5,7.9,7.9,0.0,27.0,72.0,1,0,4,0,0,1,3,2022,1,0,1
2022-03-26,8192572.0,11.5,16.7,7.1,24.8,24.8,0.0,25.1,80.0,1,0,5,1,0,0,3,2022,1,0,1
2022-03-27,6583924.0,6.3,11.5,1.4,0.0,0.0,0.0,26.7,59.0,0,0,6,1,0,0,3,2022,1,0,1
2022-03-28,12289070.0,4.9,11.8,-1.6,0.0,0.0,0.0,10.0,52.0,0,0,0,0,0,1,3,2022,1,0,1
2022-03-29,12544867.0,7.0,13.4,-0.4,0.0,0.0,0.0,16.8,65.0,0,0,1,0,0,1,3,2022,1,0,1
2022-03-30,12328048.0,8.6,13.9,2.0,4.4,4.4,0.0,13.8,85.0,1,0,2,0,0,1,3,2022,1,0,1
2022-03-31,12572593.0,8.6,12.8,5.3,1.7,1.7,0.0,10.2,82.0,1,0,3,0,0,1,3,2022,1,0,1
2022-04-01,13239329.0,6.4,12.5,0.9,0.0,0.0,0.0,17.6,69.0,0,0,4,0,0,1,4,2022,1,0,1
2022-04-02,9527539.0,5.8,11.6,-0.5,0.0,0.0,0.0,17.7,69.0,0,0,5,1,0,0,4,2022,1,0,1
2022-04-03,6976236.0,7.2,14.4,1.4,0.0,0.0,0.0,16.0,70.0,0,0,6,1,0,0,4,2022,1,0,1
2022-04-04,12770512.0,7.7,14.2,2.4,0.0,0.0,0.0,18.3,70.0,0,0,0,0,0,1,4,2022,1,0,1
2022-04-05,12984250.0,7.7,13.7,1.7,0.0,0.0,0.0,17.0,63.0,0,0,1,0,0,1,4,2022,1,0,1
2022-04-06,13169622.0,9.0,14.9,4.0,0.0,0.0,0.0,15.6,65.0,0,0,2,0,0,1,4,2022,1,0,1
2022-04-07,13251222.0,8.1,13.5,4.4,0.0,0.0,0.0,25.2,54.0,0,0,3,0,0,1,4,2022,1,0,1
2022-04-08,13896385.0,9.7,17.3,1.9,0.0,0.0,0.0,14.2,66.0,0,0,4,0,0,1,4,2022,1,0,1
2022-04-09,10545670.0,13.7,21.3,8.0,0.0,0.0,0.0,20.7,59.0,0,0,5,1,0,0,4,2022,1,0,1
2022-04-10,8006866.0,14.4,22.4,8.1,0.0,0.0,0.0,16.5,63.0,0,0,6,1,0,0,4,2022,1,0,1
2022-04-11,13339026.0,15.7,23.9,9.2,0.0,0.0,0.0,16.1,74.0,0,0,0,0,0,1,4,2022,1,0,1
2022-04-12,13409629.0,15.3,20.5,11.8,0.7,0.7,0.0,21.3,87.0,0,0,1,0,0,1,4,2022,1,0,1
2022-04-13,13098780.0,10.9,13.7,9.1,3.3,3.3,0.0,26.3,71.0,1,0,2,0,0,1,4,2022,1,0,1
2022-04-14,13390900.0,10.9,14.3,9.0,0.1,0.1,0.0,22.1,53.0,0,0,3,0,0,1,4,2022,1,0,1
2022-04-15,14010183.0,10.6,17.1,3.6,0.8,0.8,0.0,17.7,57.0,0,0,4,0,0,1,4,2022,1,0,1
2022-04-16,10073958.0,10.1,17.2,5.0,0.0,0.0,0.0,21.7,64.0,0,0,5,1,0,0,4,2022,1,0,1
2022-04-17,7419333.0,10.5,18.7,4.2,0.0,0.0,0.0,20.9,70.0,0,0,6,1,0,0,4,2022,0,1,1
2022-04-18,13278073.0,11.8,18.5,7.6,0.0,0.0,0.0,21.6,64.0,0,0,0,0,0,1,4,2022,0,1,1
2022-04-19,13728470.0,11.5,19.4,4.9,0.0,0.0,0.0,17.9,71.0,0,0,1,0,0,1,4,2022,0,1,1
2022-04-20,13851781.0,11.9,19.7,4.9,0.0,0.0,0.0,19.8,68.0,0,0,2,0,0,1,4,2022,0,1,1
2022-04-21,13805725.0,13.7,21.2,6.5,0.0,0.0,0.0,24.0,58.0,0,0,3,0,0,1,4,2022,0,1,1
2022-04-22,13959011.0,13.8,18.5,10.7,0.2,0.2,0.0,29.8,74.0,0,0,4,0,0,1,4,2022,0,1,1
2022-04-23,10240569.0,15.3,24.5,7.6,0.0,0.0,0.0,10.2,64.0,0,0,5,1,0,0,4,2022,0,1,1
2022-04-24,7439138.0,15.1,22.1,10.2,0.1,0.1,0.0,18.0,77.0,0,0,6,1,0,0,4,2022,0,1,1
2022-04-25,13540991.0,18.3,23.9,13.9,3.0,3.0,0.0,8.0,75.0,1,0,0,0,0,1,4,2022,0,1,1
2022-04-26,13948247.0,20.4,27.0,16.1,4.2,4.2,0.0,25.5,65.0,1,0,1,0,0,1,4,2022,0,1,1
2022-04-27,14335826.0,15.6,21.3,10.3,0.0,0.0,0.0,28.4,34.0,0,0,2,0,0,1,4,2022,0,1,1
2022-04-28,14426143.0,16.0,23.4,9.0,0.0,0.0,0.0,21.7,47.0,0,0,3,0,0,1,4,2022,0,1,1
2022-04-29,14930087.0,12.4,15.9,9.2,16.6,16.6,0.0,21.1,67.0,1,0,4,0,0,1,4,2022,0,1,1
2022-04-30,11126513.0,11.5,16.3,8.6,0.4,0.4,0.0,20.6,71.0,0,0,5,1,0,0,4,2022,0,1,1
2022-05-01,8201401.0,11.0,16.9,4.7,0.0,0.0,0.0,30.1,63.0,0,0,6,1,0,0,5,2022,0,1,1
2022-05-02,14185383.0,11.7,17.9,6.2,0.0,0.0,0.0,18.8,66.0,0,0,0,0,0,1,5,2022,0,1,1
2022-05-03,14640157.0,12.5,18.0,5.3,0.0,0.0,0.0,22.5,54.0,0,0,1,0,0,1,5,2022,0,1,1
2022-05-04,15583890.0,14.9,23.1,7.6,0.0,0.0,0.0,20.7,54.0,0,0,2,0,0,1,5,2022,0,1,1
2022-05-05,9322590.0,15.9,23.2,8.7,0.0,0.0,0.0,14.8,57.0,0,0,3,0,1,0,5,2022,0,1,1
2022-05-06,13981600.0,17.2,23.7,10.1,0.0,0.0,0.0,18.9,70.0,0,0,4,0,0,1,5,2022,0,1,1
2022-05-07,10101461.0,17.1,23.2,13.2,0.7,0.7,0.0,23.4,57.0,0,0,5,1,0,0,5,2022,0,1,1
2022-05-08,7503886.0,14.5,18.0,11.1,4.4,4.4,0.0,18.1,49.0,1,0,6,1,1,0,5,2022,0,1,1
2022-05-09,14321132.0,16.2,24.2,8.9,0.0,0.0,0.0,14.1,54.0,0,0,0,0,0,1,5,2022,0,1,1
2022-05-10,14720853.0,17.4,24.2,10.5,0.3,0.3,0.0,14.8,45.0,0,0,1,0,0,1,5,2022,0,1,1
2022-05-11,14810137.0,17.4,22.9,12.9,0.0,0.0,0.0,16.8,51.0,0,0,2,0,0,1,5,2022,0,1,1
2022-05-12,14853435.0,18.8,26.2,12.3,0.0,0.0,0.0,18.2,53.0,0,0,3,0,0,1,5,2022,0,1,1
2022-05-13,15533650.0,18.4,24.8,13.6,0.0,0.0,0.0,29.6,48.0,0,0,4,0,0,1,5,2022,0,1,1
2022-05-14,11691406.0,14.7,19.9,9.2,0.0,0.0,0.0,28.1,46.0,0,0,5,1,0,0,5,2022,0,1,1
2022-05-15,8655874.0,14.5,21.3,8.4,0.0,0.0,0.0,28.8,43.0,0,0,6,1,0,0,5,2022,0,1,1
2022-05-16,14447747.0,15.2,21.8,8.6,0.0,0.0,0.0,26.6,61.0,0,0,0,0,0,1,5,2022,0,1,1
2022-05-17,14766283.0,17.3,25.5,10.6,0.0,0.0,0.0,19.8,68.0,0,0,1,0,0,1,5,2022,0,1,1
2022-05-18,14648198.0,18.4,24.5,12.6,0.7,0.7,0.0,24.3,64.0,0,0,2,0,0,1,5,2022,0,1,1
2022-05-19,14953466.0,18.6,23.3,13.6,0.0,0.0,0.0,25.1,56.0,0,0,3,0,0,1,5,2022,0,1,1
2022-05-20,15527053.0,18.5,23.9,13.9,0.2,0.2,0.0,16.6,56.0,0,0,4,0,0,1,5,2022,0,1,1
2022-05-21,11586465.0,17.6,23.2,13.5,0.2,0.2,0.0,19.9,78.0,0,0,5,1,0,0,5,2022,0,1,1
2022-05-22,8380202.0,18.4,24.4,14.2,0.0,0.0,0.0,20.2,74.0,0,0,6,1,0,0,5,2022,0,1,1
2022-05-23,14301265.0,19.7,28.4,13.5,0.0,0.0,0.0,19.7,72.0,0,0,0,0,0,1,5,2022,0,1,1
2022-05-24,14746487.0,20.3,28.4,13.8,0.0,0.0,0.0,18.4,63.0,0,0,1,0,0,1,5,2022,0,1,1
2022-05-25,14966797.0,19.0,25.4,15.1,7.8,7.8,0.0,22.0,73.0,1,0,2,0,0,1,5,2022,0,1,1
2022-05-26,15003731.0,17.0,21.6,12.1,0.3,0.3,0.0,27.4,65.0,0,0,3,0,0,1,5,2022,0,1,1
2022-05-27,15529551.0,17.9,22.7,14.3,0.0,0.0,0.0,24.1,67.0,0,0,4,0,0,1,5,2022,0,1,1
2022-05-28,11485545.0,19.4,27.2,12.4,0.0,0.0,0.0,23.1,69.0,0,0,5,1,0,0,5,2022,0,1,1
2022-05-29,8252004.0,20.0,26.6,14.5,0.1,0.1,0.0,16.0,72.0,0,0,6,1,0,0,5,2022,0,1,1
2022-05-30,14224934.0,19.7,24.5,15.4,3.2,3.2,0.0,22.9,74.0,1,0,0,0,0,1,5,2022,0,1,1
2022-05-31,15222326.0,18.7,25.2,12.3,0.0,0.0,0.0,24.6,54.0,0,0,1,0,0,1,5,2022,0,1,1
2022-06-01,8870351.0,19.9,27.0,13.5,0.0,0.0,0.0,21.0,48.0,0,0,2,0,1,0,6,2022,0,1,1
2022-06-02,14649465.0,18.3,24.0,12.3,0.0,0.0,0.0,18.3,76.0,0,0,3,0,0,1,6,2022,0,1,1
2022-06-03,15019588.0,22.1,30.0,15.9,0.0,0.0,0.0,18.4,68.0,0,0,4,0,0,1,6,2022,0,1,1
2022-06-04,10573831.0,24.1,29.4,18.8,0.0,0.0,0.0,11.6,55.0,0,0,5,1,0,0,6,2022,0,1,1
2022-06-05,7944535.0,22.3,25.9,19.1,5.0,5.0,0.0,19.3,56.0,1,0,6,1,0,0,6,2022,0,1,1
2022-06-06,7456176.0,18.0,21.0,15.0,17.4,17.4,0.0,22.1,74.0,1,0,0,0,1,0,6,2022,0,1,1
2022-06-07,14608395.0,18.7,24.4,13.6,0.0,0.0,0.0,17.8,57.0,0,0,1,0,0,1,6,2022,0,1,1
2022-06-08,14749236.0,18.6,23.7,13.9,1.2,1.2,0.0,14.9,68.0,1,0,2,0,0,1,6,2022,0,1,1
2022-06-09,14629318.0,19.4,23.7,16.2,9.0,9.0,0.0,15.2,80.0,1,0,3,0,0,1,6,2022,0,1,1
2022-06-10,15204986.0,20.1,25.4,14.9,1.4,1.4,0.0,13.2,76.0,1,0,4,0,0,1,6,2022,0,1,1
2022-06-11,10954942.0,21.9,29.3,15.9,4.1,4.1,0.0,16.9,71.0,1,0,5,1,0,0,6,2022,0,1,1
2022-06-12,7906453.0,22.5,28.8,16.9,0.1,0.1,0.0,17.0,62.0,0,0,6,1,0,0,6,2022,0,1,1
2022-06-13,14233253.0,21.7,26.8,17.8,14.1,14.1,0.0,18.8,74.0,1,0,0,0,0,1,6,2022,0,1,1
2022-06-14,14775398.0,21.0,28.0,16.4,0.8,0.8,0.0,26.9,55.0,0,0,1,0,0,1,6,2022,0,1,1
2022-06-15,14488229.0,17.2,19.5,14.8,22.8,22.8,0.0,18.6,82.0,1,0,2,0,0,1,6,2022,0,1,1
2022-06-16,14838056.0,19.0,22.4,16.0,2.0,2.0,0.0,14.4,80.0,1,0,3,0,0,1,6,2022,0,1,1
2022-06-17,15280849.0,20.9,28.9,14.4,0.0,0.0,0.0,19.6,79.0,0,0,4,0,0,1,6,2022,0,1,1
2022-06-18,11042067.0,22.2,27.5,18.3,2.1,2.1,0.0,16.8,82.0,1,0,5,1,0,0,6,2022,0,1,1
2022-06-19,7933035.0,22.6,26.0,19.8,0.2,0.2,0.0,14.1,81.0,0,0,6,1,0,0,6,2022,0,1,1
2022-06-20,14325254.0,23.9,29.2,19.6,0.0,0.0,0.0,13.7,78.0,0,0,0,0,0,1,6,2022,0,1,1
2022-06-21,14673902.0,25.1,33.1,20.1,0.0,0.0,0.0,18.1,75.0,0,0,1,0,0,1,6,2022,0,1,1
2022-06-22,14785980.0,23.5,28.6,19.6,0.0,0.0,0.0,14.8,75.0,0,0,2,0,0,1,6,2022,0,1,1
2022-06-23,13935608.0,23.8,28.3,21.0,41.3,41.3,0.0,28.7,86.0,1,1,3,0,0,1,6,2022,0,1,1
2022-06-24,15076857.0,22.6,25.0,20.2,4.8,4.8,0.0,24.6,87.0,1,0,4,0,0,1,6,2022,0,1,1
2022-06-25,11132270.0,24.0,29.0,19.3,0.2,0.2,0.0,19.5,85.0,0,0,5,1,0,0,6,2022,0,1,1
2022-06-26,7690041.0,25.7,30.0,22.7,1.7,1.7,0.0,27.6,84.0,1,0,6,1,0,0,6,2022,0,1,1
2022-06-27,13754312.0,24.0,25.3,22.3,19.7,19.7,0.0,22.4,93.0,1,0,0,0,0,1,6,2022,0,1,1
2022-06-28,13950378.0,25.4,27.2,24.6,11.2,11.2,0.0,37.0,86.0,1,0,1,0,0,1,6,2022,0,1,1
2022-06-29,14007471.0,24.4,26.8,22.6,83.9,83.9,0.0,31.7,92.0,1,1,2,0,0,1,6,2022,0,1,1
2022-06-30,13616008.0,23.4,25.5,21.9,91.3,91.3,0.0,21.5,95.0,1,1,3,0,0,1,6,2022,0,1,1
2022-07-01,15026332.0,25.6,29.4,23.0,1.3,1.3,0.0,15.0,86.0,1,0,4,0,0,1,7,2022,0,1,1
2022-07-02,10859194.0,26.5,31.1,21.7,0.0,0.0,0.0,8.0,83.0,0,0,5,1,0,0,7,2022,0,1,1
2022-07-03,7724958.0,26.9,31.8,22.5,0.0,0.0,0.0,10.8,79.0,0,0,6,1,0,0,7,2022,0,1,1
2022-07-04,14082014.0,27.4,31.1,23.8,0.6,0.6,0.0,14.7,80.0,0,0,0,0,0,1,7,2022,0,1,1
2022-07-05,14378118.0,26.9,30.9,24.2,8.6,8.6,0.0,12.4,85.0,1,0,1,0,0,1,7,2022,0,1,1
2022-07-06,14494812.0,27.4,30.5,24.5,3.8,3.8,0.0,12.6,84.0,1,0,2,0,0,1,7,2022,0,1,1
2022-07-07,14152316.0,27.0,30.3,25.4,23.9,23.9,0.0,26.7,86.0,1,0,3,0,0,1,7,2022,0,1,1
2022-07-08,14850260.0,24.7,27.0,22.5,3.5,3.5,0.0,20.8,88.0,1,0,4,0,0,1,7,2022,0,1,1
2022-07-09,10697663.0,25.0,29.4,22.0,0.7,0.7,0.0,14.7,87.0,0,0,5,1,0,0,7,2022,0,1,1
2022-07-10,7775621.0,26.5,31.4,22.9,3.0,3.0,0.0,11.2,82.0,1,0,6,1,0,0,7,2022,0,1,1
2022-07-11,13825301.0,25.6,29.4,23.1,2.1,2.1,0.0,9.3,82.0,1,0,0,0,0,1,7,2022,0,1,1
2022-07-12,14387706.0,25.1,28.7,20.9,0.1,0.1,0.0,13.2,79.0,0,0,1,0,0,1,7,2022,0,1,1
2022-07-13,13568833.0,24.2,25.4,22.9,58.6,58.6,0.0,25.9,91.0,1,1,2,0,0,1,7,2022,0,1,1
2022-07-14,14463625.0,24.5,28.9,22.0,2.2,2.2,0.0,17.9,87.0,1,0,3,0,0,1,7,2022,0,1,1
2022-07-15,15081664.0,23.4,27.4,19.7,0.1,0.1,0.0,14.8,86.0,0,0,4,0,0,1,7,2022,0,1,1
2022-07-16,10521377.0,24.0,27.3,21.4,4.0,4.0,0.0,11.6,86.0,1,0,5,1,0,0,7,2022,0,1,1
2022-07-17,7713243.0,23.7,26.9,21.0,2.1,2.1,0.0,15.0,87.0,1,0,6,1,0,0,7,2022,0,1,1
2022-07-18,13787491.0,25.3,28.9,21.4,0.5,0.5,0.0,9.4,81.0,0,0,0,0,0,1,7,2022,0,1,1
2022-07-19,14206291.0,25.0,28.6,22.0,2.0,2.0,0.0,17.7,85.0,1,0,1,0,0,1,7,2022,0,1,1
2022-07-20,14343878.0,25.2,28.2,23.2,0.6,0.6,0.0,15.3,84.0,0,0,2,0,0,1,7,2022,0,1,1
2022-07-21,13960156.0,23.8,26.6,20.5,29.2,29.2,0.0,16.3,82.0,1,0,3,0,0,1,7,2022,0,1,1
2022-07-22,14495812.0,23.7,27.0,21.2,4.4,4.4,0.0,13.0,86.0,1,0,4,0,0,1,7,2022,0,1,1
2022-07-23,9984505.0,23.6,26.1,21.3,24.1,24.1,0.0,14.1,87.0,1,0,5,1,0,0,7,2022,0,1,1
2022-07-24,7292181.0,24.9,28.5,22.7,4.4,4.4,0.0,18.4,83.0,1,0,6,1,0,0,7,2022,0,1,1
2022-07-25,13568788.0,25.3,30.3,21.2,0.0,0.0,0.0,16.5,83.0,0,0,0,0,0,1,7,2022,0,1,1
2022-07-26,13734056.0,26.2,30.9,21.4,0.1,0.1,0.0,8.4,83.0,0,0,1,0,0,1,7,2022,0,1,1
2022-07-27,13751427.0,26.6,29.2,24.2,0.0,0.0,0.0,11.6,76.0,0,0,2,0,0,1,7,2022,0,1,1
2022-07-28,13720970.0,27.3,31.8,23.0,0.3,0.3,0.0,13.2,74.0,0,0,3,0,0,1,7,2022,0,1,1
2022-07-29,13978352.0,27.9,32.1,24.5,1.9,1.9,0.0,12.7,80.0,1,0,4,0,0,1,7,2022,0,1,1
2022-07-30,9288244.0,28.5,33.5,25.3,3.5,3.5,0.0,13.0,79.0,1,0,5,1,0,0,7,2022,0,1,1
2022-07-31,6703252.0,26.6,28.8,25.3,35.2,35.2,0.0,18.2,88.0,1,1,6,1,0,0,7,2022,0,1,1
2022-08-01,12453489.0,27.5,31.7,24.8,24.5,24.5,0.0,19.2,84.0,1,0,0,0,0,1,8,2022,0,1,1
2022-08-02,12598286.0,26.6,29.4,25.2,15.0,15.0,0.0,23.3,89.0,1,0,1,0,0,1,8,2022,0,1,1
2022-08-03,12717102.0,26.1,28.9,24.1,23.4,23.4,0.0,17.0,90.0,1,0,2,0,0,1,8,2022,0,1,1
2022-08-04,13303152.0,26.8,30.0,24.6,3.8,3.8,0.0,15.4,88.0,1,0,3,0,0,1,8,2022,0,1,1
2022-08-05,13529544.0,27.0,30.2,24.6,1.4,1.4,0.0,17.9,88.0,1,0,4,0,0,1,8,2022,0,1,1
2022-08-06,9261513.0,27.3,30.4,25.3,9.6,9.6,0.0,14.1,89.0,1,0,5,1,0,0,8,2022,0,1,1
2022-08-07,6960605.0,26.8,29.7,24.7,22.8,22.8,0.0,16.8,91.0,1,0,6,1,0,0,8,2022,0,1,1
2022-08-08,12391455.0,26.1,27.2,25.0,66.5,66.5,0.0,23.1,95.0,1,1,0,0,0,1,8,2022,0,1,1
2022-08-09,11712142.0,24.2,26.0,21.0,107.7,107.7,0.0,27.6,95.0,1,1,1,0,0,1,8,2022,0,1,1
2022-08-10,13289588.0,23.0,26.8,19.5,22.4,22.4,0.0,11.0,87.0,1,0,2,0,0,1,8,2022,0,1,1
2022-08-11,13151338.0,22.8,24.7,21.2,27.0,27.0,0.0,10.5,90.0,1,0,3,0,0,1,8,2022,0,1,1
2022-08-12,14194322.0,24.2,29.5,20.7,0.0,0.0,0.0,13.7,83.0,0,0,4,0,0,1,8,2022,0,1,1
2022-08-13,8998585.0,23.5,25.2,20.2,16.0,16.0,0.0,10.4,89.0,1,0,5,1,0,0,8,2022,0,1,1
2022-08-14,7277213.0,26.0,30.1,23.1,2.6,2.6,0.0,15.6,89.0,1,0,6,1,0,0,8,2022,0,1,1
2022-08-15,6986288.0,26.9,29.9,25.3,10.6,10.6,0.0,38.1,89.0,1,0,0,0,1,0,8,2022,0,1,1
2022-08-16,13381561.0,24.9,27.8,22.4,0.1,0.1,0.0,17.1,83.0,0,0,1,0,0,1,8,2022,0,1,1
2022-08-17,13714456.0,23.6,28.8,20.4,4.2,4.2,0.0,9.3,87.0,1,0,2,0,0,1,8,2022,0,1,1
2022-08-18,13831142.0,23.5,27.7,19.5,0.2,0.2,0.0,12.5,85.0,0,0,3,0,0,1,8,2022,0,1,1
2022-08-19,14006852.0,24.1,27.0,20.8,34.0,34.0,0.0,26.3,90.0,1,1,4,0,0,1,8,2022,0,1,1
2022-08-20,10072540.0,26.4,31.3,23.7,8.7,8.7,0.0,14.8,84.0,1,0,5,1,0,0,8,2022,0,1,1
2022-08-21,7492531.0,25.7,29.4,22.7,1.4,1.4,0.0,7.7,84.0,1,0,6,1,0,0,8,2022,0,1,1
2022-08-22,13388577.0,25.1,28.7,22.9,5.4,5.4,0.0,18.0,87.0,1,0,0,0,0,1,8,2022,0,1,1
2022-08-23,13765430.0,24.2,28.1,20.3,5.9,5.9,0.0,14.1,77.0,1,0,1,0,0,1,8,2022,0,1,1
2022-08-24,13991462.0,23.2,26.5,19.7,0.0,0.0,0.0,18.1,76.0,0,0,2,0,0,1,8,2022,0,1,1
2022-08-25,13943268.0,20.4,22.5,18.4,4.4,4.4,0.0,14.5,87.0,1,0,3,0,0,1,8,2022,0,1,1
2022-08-26,14753010.0,21.6,25.5,17.2,1.1,1.1,0.0,14.8,83.0,1,0,4,0,0,1,8,2022,0,1,1
2022-08-27,10982547.0,19.6,22.7,16.5,0.0,0.0,0.0,18.0,71.0,0,0,5,1,0,0,8,2022,0,1,1
2022-08-28,8099156.0,19.8,25.6,13.2,0.0,0.0,0.0,10.1,70.0,0,0,6,1,0,0,8,2022,0,1,1
2022-08-29,13838351.0,19.7,20.8,19.0,4.3,4.3,0.0,11.6,81.0,1,0,0,0,0,1,8,2022,0,1,1
2022-08-30,13637206.0,18.7,20.0,17.2,40.9,40.9,0.0,13.5,90.0,1,1,1,0,0,1,8,2022,0,1,1
2022-08-31,14452885.0,20.2,24.3,17.9,0.2,0.2,0.0,9.8,87.0,0,0,2,0,0,1,8,2022,0,1,1
2022-09-01,14969774.0,21.8,28.0,16.8,0.0,0.0,0.0,9.3,82.0,0,0,3,0,0,1,9,2022,0,1,1
2022-09-02,15428660.0,22.6,27.9,17.7,0.0,0.0,0.0,17.7,74.0,0,0,4,0,0,1,9,2022,0,1,1
2022-09-03,11178974.0,22.6,27.3,18.8,0.1,0.1,0.0,16.9,73.0,0,0,5,1,0,0,9,2022,0,1,1
2022-09-04,7173247.0,22.0,24.6,19.7,37.9,37.9,0.0,22.9,85.0,1,1,6,1,0,0,9,2022,0,1,1
2022-09-05,13266851.0,19.3,21.1,17.1,84.5,84.5,0.0,23.1,89.0,1,1,0,0,0,1,9,2022,0,1,1
2022-09-06,13548754.0,19.7,25.3,16.5,65.4,65.4,0.0,28.8,77.0,1,1,1,0,0,1,9,2022,0,1,1
2022-09-07,15421467.0,20.2,25.3,16.1,0.0,0.0,0.0,13.0,78.0,0,0,2,0,0,1,9,2022,0,1,1
2022-09-08,15165164.0,20.2,26.7,14.4,0.0,0.0,0.0,8.6,78.0,0,0,3,0,0,1,9,2022,0,1,1
2022-09-09,6704600.0,21.5,27.6,15.7,0.0,0.0,0.0,9.9,75.0,0,0,4,0,1,0,9,2022,0,1,1
2022-09-10,5229907.0,21.2,26.6,15.5,0.0,0.0,0.0,14.1,67.0,0,0,5,1,1,0,9,2022,0,1,1
2022-09-11,6813316.0,21.0,24.1,18.7,1.4,1.4,0.0,11.7,81.0,1,0,6,1,1,0,9,2022,0,1,1
2022-09-12,7410305.0,22.1,26.7,18.3,0.1,0.1,0.0,8.1,83.0,0,0,0,0,1,0,9,2022,0,1,1
2022-09-13,14059155.0,23.5,27.3,19.9,0.2,0.2,0.0,15.2,77.0,0,0,1,0,0,1,9,2022,0,1,1
2022-09-14,14806401.0,23.1,26.7,20.9,1.2,1.2,0.0,26.0,64.0,1,0,2,0,0,1,9,2022,0,1,1
2022-09-15,15032093.0,23.9,28.3,20.0,0.0,0.0,0.0,20.0,71.0,0,0,3,0,0,1,9,2022,0,1,1
2022-09-16,15531351.0,24.2,29.2,20.8,23.3,23.3,0.0,20.9,80.0,1,0,4,0,0,1,9,2022,0,1,1
2022-09-17,11374713.0,23.8,27.1,21.4,28.4,28.4,0.0,12.2,89.0,1,0,5,1,0,0,9,2022,0,1,1
2022-09-18,8391668.0,25.2,31.4,20.1,0.0,0.0,0.0,15.8,79.0,0,0,6,1,0,0,9,2022,0,1,1
2022-09-19,14628929.0,23.3,26.5,17.5,0.0,0.0,0.0,23.4,67.0,0,0,0,0,0,1,9,2022,0,1,1
2022-09-20,15141873.0,17.6,21.5,13.9,0.0,0.0,0.0,12.8,66.0,0,0,1,0,0,1,9,2022,0,1,1
2022-09-21,15267075.0,17.0,22.5,11.9,0.0,0.0,0.0,9.7,67.0,0,0,2,0,0,1,9,2022,0,1,1
2022-09-22,15276565.0,17.4,22.8,12.9,0.0,0.0,0.0,12.6,70.0,0,0,3,0,0,1,9,2022,0,1,1
2022-09-23,15773425.0,15.8,21.2,12.3,3.4,3.4,0.0,32.1,76.0,1,0,4,0,0,1,9,2022,0,1,1
2022-09-24,12007385.0,15.8,21.6,10.3,0.0,0.0,0.0,13.6,73.0,0,0,5,1,0,0,9,2022,0,1,1
2022-09-25,8664322.0,17.6,22.9,13.7,0.0,0.0,0.0,8.7,75.0,0,0,6,1,0,0,9,2022,0,1,1
2022-09-26,14780941.0,17.8,23.8,13.2,0.0,0.0,0.0,8.4,74.0,0,0,0,0,0,1,9,2022,0,1,1
2022-09-27,15253360.0,18.0,25.1,11.7,0.0,0.0,0.0,8.6,74.0,0,0,1,0,0,1,9,2022,0,1,1
2022-09-28,15228363.0,18.0,24.4,13.0,0.0,0.0,0.0,8.7,82.0,0,0,2,0,0,1,9,2022,0,1,1
2022-09-29,15300651.0,17.6,23.2,13.6,0.0,0.0,0.0,9.1,83.0,0,0,3,0,0,1,9,2022,0,1,1
2022-09-30,15872612.0,17.3,24.8,11.4,0.0,0.0,0.0,9.4,83.0,0,0,4,0,0,1,9,2022,0,1,1
2022-10-01,11359254.0,17.6,24.9,12.0,0.0,0.0,0.0,7.9,81.0,0,0,5,1,0,0,10,2022,0,1,1
2022-10-02,8436453.0,18.3,21.5,15.8,26.3,26.3,0.0,20.0,79.0,1,0,6,1,0,0,10,2022,0,1,1
2022-10-03,7042218.0,21.1,22.5,17.6,94.7,94.7,0.0,28.2,95.0,1,1,0,0,1,0,10,2022,0,1,1
2022-10-04,14866722.0,17.8,21.7,14.1,41.6,41.6,0.0,25.7,82.0,1,1,1,0,0,1,10,2022,0,1,1
2022-10-05,15312906.0,15.1,18.1,13.1,6.7,6.7,0.0,10.1,75.0,1,0,2,0,0,1,10,2022,0,1,1
2022-10-06,15359277.0,14.6,18.0,11.7,1.3,1.3,0.0,13.4,78.0,1,0,3,0,0,1,10,2022,0,1,1
2022-10-07,16086459.0,13.2,16.5,9.9,0.3,0.3,0.0,15.2,74.0,0,0,4,0,0,1,10,2022,0,1,1
2022-10-08,12654464.0,13.2,18.6,8.9,0.0,0.0,0.0,12.3,71.0,0,0,5,1,0,0,10,2022,0,1,1
2022-10-09,7879379.0,12.7,13.7,10.1,23.5,23.5,0.0,17.4,81.0,1,0,6,1,1,0,10,2022,0,1,1
2022-10-10,8144416.0,8.6,10.7,6.1,0.7,0.7,0.0,26.6,76.0,0,0,0,0,1,0,10,2022,0,1,1
2022-10-11,15089945.0,9.2,14.8,6.1,0.0,0.0,0.0,16.6,75.0,0,0,1,0,0,1,10,2022,0,1,1
2022-10-12,15329931.0,10.8,18.1,4.1,0.0,0.0,0.0,9.9,76.0,0,0,2,0,0,1,10,2022,0,1,1
2022-10-13,15425867.0,13.1,19.4,8.5,0.0,0.0,0.0,10.5,78.0,0,0,3,0,0,1,10,2022,0,1,1
2022-10-14,15870097.0,13.8,19.9,8.9,0.0,0.0,0.0,10.3,81.0,0,0,4,0,0,1,10,2022,0,1,1
2022-10-15,11803588.0,15.3,21.0,8.8,0.0,0.0,0.0,9.2,74.0,0,0,5,1,0,0,10,2022,0,1,1
2022-10-16,8520807.0,15.0,18.1,12.8,0.0,0.0,0.0,8.4,83.0,0,0,6,1,0,0,10,2022,0,1,1
2022-10-17,14721025.0,9.4,12.7,5.5,0.0,0.0,0.0,23.1,55.0,0,0,0,0,0,1,10,2022,0,1,1
2022-10-18,15163845.0,7.0,11.7,3.4,0.0,0.0,0.0,14.3,62.0,0,0,1,0,0,1,10,2022,0,1,1
2022-10-19,15326289.0,8.0,13.5,3.3,0.0,0.0,0.0,11.8,70.0,0,0,2,0,0,1,10,2022,0,1,1
2022-10-20,15354793.0,9.3,16.2,3.1,0.0,0.0,0.0,9.1,81.0,0,0,3,0,0,1,10,2022,0,1,1
2022-10-21,15856919.0,10.9,17.0,5.2,0.0,0.0,0.0,10.4,81.0,0,0,4,0,0,1,10,2022,0,1,1
2022-10-22,12134622.0,12.0,18.2,7.3,0.0,0.0,0.0,16.7,88.0,0,0,5,1,0,0,10,2022,0,1,1
2022-10-23,8688777.0,11.8,16.3,8.1,0.2,0.2,0.0,20.5,71.0,0,0,6,1,0,0,10,2022,0,1,1
2022-10-24,14774989.0,8.1,12.5,4.5,0.0,0.0,0.0,18.3,61.0,0,0,0,0,0,1,10,2022,0,1,1
2022-10-25,15254669.0,8.4,14.6,2.9,0.0,0.0,0.0,11.3,67.0,0,0,1,0,0,1,10,2022,0,1,1
2022-10-26,15403368.0,9.8,16.0,4.3,0.0,0.0,0.0,10.1,72.0,0,0,2,0,0,1,10,2022,0,1,1
2022-10-27,15534306.0,10.7,17.3,6.3,0.0,0.0,0.0,15.1,77.0,0,0,3,0,0,1,10,2022,0,1,1
2022-10-28,16103816.0,10.4,16.9,3.9,0.0,0.0,0.0,10.5,78.0,0,0,4,0,0,1,10,2022,0,1,1
2022-10-29,12602315.0,11.8,17.9,7.5,0.0,0.0,0.0,11.0,77.0,0,0,5,1,0,0,10,2022,0,1,1
2022-10-30,8587876.0,12.3,18.5,8.0,0.0,0.0,0.0,12.2,76.0,0,0,6,1,0,0,10,2022,0,1,1
2022-10-31,14674749.0,12.5,18.8,8.1,0.0,0.0,0.0,11.9,78.0,0,0,0,0,0,1,10,2022,0,1,1
2022-11-01,14915390.0,11.2,16.2,7.0,0.3,0.3,0.0,13.7,78.0,0,0,1,0,0,1,11,2022,0,1,1
2022-11-02,15134171.0,8.4,14.6,3.1,0.0,0.0,0.0,11.4,63.0,0,0,2,0,0,1,11,2022,0,1,1
2022-11-03,15089722.0,7.8,12.3,4.8,0.0,0.0,0.0,16.3,58.0,0,0,3,0,0,1,11,2022,0,1,1
2022-11-04,15537332.0,3.0,7.7,-1.2,0.0,0.0,0.0,18.8,47.0,0,0,4,0,0,1,11,2022,0,1,1
2022-11-05,11352406.0,4.7,11.0,-0.9,0.0,0.0,0.0,12.3,65.0,0,0,5,1,0,0,11,2022,0,1,1
2022-11-06,8491796.0,6.8,13.6,1.4,0.0,0.0,0.0,9.7,75.0,0,0,6,1,0,0,11,2022,0,1,1
2022-11-07,14419755.0,8.3,14.7,2.2,0.0,0.0,0.0,12.5,71.0,0,0,0,0,0,1,11,2022,0,1,1
2022-11-08,15008019.0,10.4,16.0,6.3,0.0,0.0,0.0,10.5,72.0,0,0,1,0,0,1,11,2022,0,1,1
2022-11-09,15120665.0,8.7,15.1,2.9,0.0,0.0,0.0,10.6,84.0,0,0,2,0,0,1,11,2022,0,1,1
2022-11-10,15140017.0,10.2,16.9,4.3,0.0,0.0,0.0,9.7,83.0,0,0,3,0,0,1,11,2022,0,1,1
2022-11-11,15591112.0,12.7,20.2,7.3,0.0,0.0,0.0,12.7,74.0,0,0,4,0,0,1,11,2022,0,1,1
2022-11-12,11083761.0,14.5,22.3,8.9,24.3,24.3,0.0,24.7,82.0,1,0,5,1,0,0,11,2022,0,1,1
2022-11-13,8005543.0,9.5,15.9,4.8,0.5,0.5,0.0,20.4,79.0,0,0,6,1,0,0,11,2022,0,1,1
2022-11-14,14402795.0,8.7,12.3,3.8,0.6,0.6,0.0,16.2,74.0,0,0,0,0,0,1,11,2022,0,1,1
2022-11-15,14795808.0,6.1,10.9,1.7,1.3,1.3,0.0,14.0,83.0,1,0,1,0,0,1,11,2022,0,1,1
2022-11-16,15062098.0,7.0,11.9,3.8,0.2,0.2,0.0,12.9,81.0,0,0,2,0,0,1,11,2022,0,1,1
2022-11-17,15004483.0,7.7,13.8,3.6,0.0,0.0,0.0,9.2,82.0,0,0,3,0,0,1,11,2022,0,1,1
2022-11-18,15415787.0,8.0,15.1,1.7,0.0,0.0,0.0,10.2,80.0,0,0,4,0,0,1,11,2022,0,1,1
2022-11-19,11585603.0,9.1,16.5,4.5,0.0,0.0,0.0,14.9,76.0,0,0,5,1,0,0,11,2022,0,1,1
2022-11-20,8566911.0,10.6,16.6,5.9,0.0,0.0,0.0,10.2,74.0,0,0,6,1,0,0,11,2022,0,1,1
2022-11-21,14615983.0,9.1,15.1,4.9,0.0,0.0,0.0,11.8,83.0,0,0,0,0,0,1,11,2022,0,1,1
2022-11-22,14927983.0,8.4,12.3,4.5,0.8,0.8,0.0,11.3,81.0,0,0,1,0,0,1,11,2022,0,1,1
2022-11-23,15107336.0,9.0,13.3,4.1,1.1,1.1,0.0,16.7,75.0,1,0,2,0,0,1,11,2022,0,1,1
2022-11-24,15274905.0,7.0,12.9,3.2,0.0,0.0,0.0,8.9,80.0,0,0,3,0,0,1,11,2022,0,1,1
2022-11-25,15593229.0,9.4,15.2,4.2,0.8,0.8,0.0,26.4,74.0,0,0,4,0,0,1,11,2022,0,1,1
2022-11-26,11505935.0,5.3,12.2,-0.2,1.4,1.4,0.0,19.7,59.0,1,0,5,1,0,0,11,2022,0,1,1
2022-11-27,8189909.0,2.7,10.1,-3.2,0.0,0.0,0.0,10.8,56.0,0,0,6,1,0,0,11,2022,0,1,1
2022-11-28,14196986.0,10.1,14.6,4.4,26.6,26.6,0.0,17.2,69.0,1,0,0,0,0,1,11,2022,0,1,1
2022-11-29,14721640.0,5.9,12.8,-2.7,1.5,1.4,0.07,26.9,67.0,1,0,1,0,0,1,11,2022,0,1,1
2022-11-30,14231452.0,-6.6,-3.4,-9.0,0.0,0.0,0.0,27.9,41.0,0,0,2,0,0,1,11,2022,0,1,1
2022-12-01,14262499.0,-6.6,-3.6,-9.1,0.0,0.0,0.0,11.3,39.0,0,0,3,0,0,1,12,2022,0,1,1
2022-12-02,15111247.0,-4.7,-0.5,-8.2,0.0,0.0,0.0,13.0,42.0,0,0,4,0,0,1,12,2022,0,1,1
2022-12-03,10895618.0,0.9,6.7,-2.3,2.4,0.4,1.4,18.3,64.0,0,0,5,1,0,0,12,2022,0,1,1
2022-12-04,7822497.0,-4.7,-2.0,-7.1,0.0,0.0,0.0,18.4,36.0,0,0,6,1,0,0,12,2022,0,1,1
2022-12-05,14296182.0,-4.7,-0.2,-7.2,0.0,0.0,0.0,12.6,41.0,0,0,0,0,0,1,12,2022,0,1,1
2022-12-06,14610337.0,-1.8,3.7,-6.0,0.1,0.0,0.07,20.1,65.0,0,0,1,0,0,1,12,2022,0,1,1
2022-12-07,14958204.0,1.2,7.8,-3.3,0.0,0.0,0.0,25.9,68.0,0,0,2,0,0,1,12,2022,0,1,1
2022-12-08,15105033.0,0.6,6.0,-4.5,0.0,0.0,0.0,9.2,66.0,0,0,3,0,0,1,12,2022,0,1,1
2022-12-09,15623399.0,0.9,7.9,-2.6,0.1,0.1,0.0,11.5,72.0,0,0,4,0,0,1,12,2022,0,1,1
2022-12-10,11553605.0,0.3,6.4,-3.5,0.0,0.0,0.0,11.2,56.0,0,0,5,1,0,0,12,2022,0,1,1
2022-12-11,8231119.0,-1.3,4.2,-4.9,0.0,0.0,0.0,11.8,64.0,0,0,6,1,0,0,12,2022,0,1,1
2022-12-12,14505247.0,-0.5,5.0,-5.5,3.1,3.1,0.0,9.0,77.0,1,0,0,0,0,1,12,2022,0,1,1
2022-12-13,15183480.0,-0.8,1.6,-7.1,0.6,0.0,0.42,29.6,69.0,0,0,1,0,0,1,12,2022,0,1,1
2022-12-14,14578693.0,-9.1,-5.9,-11.9,0.0,0.0,0.0,27.0,39.0,0,0,2,0,0,1,12,2022,0,1,1
2022-12-15,15288400.0,-5.1,0.7,-8.9,1.5,0.0,1.05,16.6,69.0,0,0,3,0,0,1,12,2022,0,1,1
2022-12-16,15695660.0,-9.7,-4.0,-17.5,0.0,0.0,0.0,13.4,41.0,0,0,4,0,0,1,12,2022,0,1,1
2022-12-17,11824515.0,-7.9,-4.4,-11.6,0.4,0.0,0.28,19.9,40.0,0,0,5,1,0,0,12,2022,0,1,1
2022-12-18,7850446.0,-10.5,-7.8,-12.9,0.0,0.0,0.0,17.4,39.0,0,0,6,1,0,0,12,2022,0,1,1
2022-12-19,14105489.0,-8.8,-3.8,-13.0,0.0,0.0,0.0,11.3,46.0,0,0,0,0,0,1,12,2022,0,1,1
2022-12-20,14992149.0,-5.0,0.7,-9.1,0.0,0.0,0.0,11.3,48.0,0,0,1,0,0,1,12,2022,0,1,1
2022-12-21,15699271.0,-0.5,2.8,-4.0,2.9,0.3,1.82,17.7,75.0,0,0,2,0,0,1,12,2022,0,1,1
2022-12-22,15160175.0,-8.6,-4.7,-12.5,0.0,0.0,0.0,24.1,61.0,0,0,3,0,0,1,12,2022,0,1,1
2022-12-23,14734496.0,-12.8,-10.1,-15.5,0.0,0.0,0.0,29.2,52.0,0,0,4,0,0,1,12,2022,0,1,1
2022-12-24,10306680.0,-9.6,-4.7,-13.3,0.0,0.0,0.0,11.1,41.0,0,0,5,1,0,0,12,2022,0,1,1
2022-12-25,8297561.0,-7.4,-1.7,-11.2,0.0,0.0,0.0,10.9,57.0,0,0,6,1,1,0,12,2022,0,1,1
2022-12-26,13868862.0,-6.4,-1.1,-9.0,0.0,0.0,0.0,8.3,71.0,0,0,0,0,0,1,12,2022,0,1,1
2022-12-27,14516905.0,-4.8,1.4,-8.8,0.0,0.0,0.0,9.1,64.0,0,0,1,0,0,1,12,2022,0,1,1
2022-12-28,14601137.0,-4.9,-1.4,-8.6,0.2,0.0,0.14,16.8,62.0,0,0,2,0,0,1,12,2022,0,1,1
2022-12-29,14378780.0,-5.1,-0.4,-8.2,0.0,0.0,0.0,8.2,54.0,0,0,3,0,0,1,12,2022,0,1,1
2022-12-30,14258005.0,-3.7,0.4,-7.0,0.0,0.0,0.0,11.3,65.0,0,0,4,0,0,1,12,2022,0,1,1
2022-12-31,9270456.0,-3.0,3.7,-7.3,0.0,0.0,0.0,17.8,65.0,0,0,5,1,0,0,12,2022,0,1,1
2023-01-01,6270555.0,-2.5,1.7,-5.9,0.0,0.0,0.0,19.2,61.0,0,0,6,1,1,0,1,2023,0,1,1
2023-01-02,13161993.0,-6.0,-2.0,-8.6,0.0,0.0,0.0,14.2,47.0,0,0,0,0,0,1,1,2023,0,1,1
2023-01-03,13786369.0,-6.3,-1.5,-9.2,0.0,0.0,0.0,13.7,48.0,0,0,1,0,0,1,1,2023,0,1,1
2023-01-04,14074356.0,-4.2,1.6,-7.2,0.0,0.0,0.0,13.2,58.0,0,0,2,0,0,1,1,2023,0,1,1
2023-01-05,14225251.0,-3.3,3.2,-7.3,0.0,0.0,0.0,11.3,59.0,0,0,3,0,0,1,1,2023,0,1,1
2023-01-06,14893594.0,-1.5,4.7,-5.9,4.2,0.5,2.59,12.1,63.0,0,0,4,0,0,1,1,2023,0,1,1
2023-01-07,10398351.0,0.1,3.9,-4.9,0.5,0.0,0.35,20.1,77.0,0,0,5,1,0,0,1,2023,0,1,1
2023-01-08,7628555.0,-1.1,5.2,-6.5,0.0,0.0,0.0,8.7,67.0,0,0,6,1,0,0,1,2023,0,1,1
2023-01-09,14054148.0,1.0,5.0,-4.6,0.0,0.0,0.0,19.2,63.0,0,0,0,0,0,1,1,2023,0,1,1
2023-01-10,14458043.0,-1.4,6.2,-6.4,0.0,0.0,0.0,11.7,61.0,0,0,1,0,0,1,1,2023,0,1,1
2023-01-11,14589406.0,-0.6,6.4,-5.4,0.0,0.0,0.0,9.0,66.0,0,0,2,0,0,1,1,2023,0,1,1
2023-01-12,14678852.0,1.7,11.1,-3.2,0.0,0.0,0.0,13.7,53.0,0,0,3,0,0,1,1,2023,0,1,1
2023-01-13,14562210.0,6.1,9.9,3.1,18.0,18.0,0.0,17.7,91.0,1,0,4,0,0,1,1,2023,0,1,1
2023-01-14,10475244.0,4.3,6.9,1.5,4.6,4.2,0.28,21.4,92.0,1,0,5,1,0,0,1,2023,0,1,1
2023-01-15,7563219.0,-0.7,1.9,-4.6,5.0,0.8,2.94,15.5,85.0,0,0,6,1,0,0,1,2023,0,1,1
2023-01-16,14215945.0,-6.2,-3.1,-9.4,0.0,0.0,0.0,13.6,52.0,0,0,0,0,0,1,1,2023,0,1,1
2023-01-17,14461712.0,-5.3,-1.6,-8.8,0.0,0.0,0.0,7.6,54.0,0,0,1,0,0,1,1,2023,0,1,1
2023-01-18,14699097.0,-4.3,1.0,-7.3,0.0,0.0,0.0,11.2,63.0,0,0,2,0,0,1,1,2023,0,1,1
2023-01-19,14591369.0,-2.5,3.6,-8.0,1.3,0.0,0.91,18.7,60.0,0,0,3,0,0,1,1,2023,0,1,1
2023-01-20,13879129.0,-4.4,1.5,-10.1,0.4,0.0,0.28,26.3,55.0,0,0,4,0,0,1,1,2023,0,1,1
2023-01-21,5914658.0,-7.3,-1.5,-12.1,0.0,0.0,0.0,10.5,45.0,0,0,5,1,1,0,1,2023,0,1,1
2023-01-22,4692984.0,-2.6,2.6,-6.3,0.6,0.0,0.42,12.3,55.0,0,0,6,1,1,0,1,2023,0,1,1
2023-01-23,6186294.0,-2.0,4.1,-8.1,0.0,0.0,0.0,23.4,64.0,0,0,0,0,1,0,1,2023,0,1,1
2023-01-24,5442422.0,-14.9,-8.9,-18.4,0.0,0.0,0.0,29.8,38.0,0,0,1,0,1,0,1,2023,0,1,1
2023-01-25,12445437.0,-13.3,-8.1,-18.5,0.0,0.0,0.0,13.9,32.0,0,0,2,0,0,1,1,2023,0,1,1
2023-01-26,14513759.0,-6.0,-2.0,-10.3,1.1,0.0,0.77,11.5,62.0,0,0,3,0,0,1,1,2023,0,1,1
2023-01-27,14774625.0,-10.1,-5.1,-15.8,0.0,0.0,0.0,26.2,56.0,0,0,4,0,0,1,1,2023,0,1,1
2023-01-28,10106441.0,-7.9,-2.5,-12.1,0.0,0.0,0.0,20.5,49.0,0,0,5,1,0,0,1,2023,0,1,1
2023-01-29,7561438.0,-4.1,4.0,-9.6,0.4,0.0,0.28,27.4,60.0,0,0,6,1,0,0,1,2023,0,1,1
2023-01-30,14140034.0,-3.2,2.4,-6.5,0.0,0.0,0.0,16.6,63.0,0,0,0,0,0,1,1,2023,0,1,1
2023-01-31,14409777.0,0.0,7.4,-5.7,0.2,0.2,0.0,22.7,71.0,0,0,1,0,0,1,1,2023,0,1,1
2023-02-01,14579239.0,-0.3,3.5,-4.8,0.0,0.0,0.0,24.2,72.0,0,0,2,0,0,1,2,2023,0,1,1
2023-02-02,14554204.0,-3.6,0.5,-6.1,0.0,0.0,0.0,12.9,45.0,0,0,3,0,0,1,2,2023,0,1,1
2023-02-03,15153942.0,-3.1,1.8,-5.0,0.0,0.0,0.0,14.9,46.0,0,0,4,0,0,1,2,2023,0,1,1
2023-02-04,10931719.0,-2.8,4.1,-7.0,0.0,0.0,0.0,15.3,57.0,0,0,5,1,0,0,2,2023,0,1,1
2023-02-05,7863152.0,-0.6,6.1,-6.1,0.0,0.0,0.0,17.7,75.0,0,0,6,1,0,0,2,2023,0,1,1
2023-02-06,14170258.0,-0.2,7.0,-4.7,0.0,0.0,0.0,11.2,76.0,0,0,0,0,0,1,2,2023,0,1,1
2023-02-07,14574574.0,0.8,7.8,-3.1,0.0,0.0,0.0,10.6,77.0,0,0,1,0,0,1,2,2023,0,1,1
2023-02-08,14750232.0,-0.2,6.7,-4.7,0.0,0.0,0.0,15.6,62.0,0,0,2,0,0,1,2,2023,0,1,1
2023-02-09,14807808.0,1.5,9.3,-5.2,0.2,0.2,0.0,19.4,51.0,0,0,3,0,0,1,2,2023,0,1,1
2023-02-10,15161884.0,2.3,6.4,-2.8,1.8,1.7,0.07,14.2,84.0,1,0,4,0,0,1,2,2023,0,1,1
2023-02-11,11226836.0,-0.6,5.1,-4.8,0.0,0.0,0.0,10.5,80.0,0,0,5,1,0,0,2,2023,0,1,1
2023-02-12,8080691.0,1.7,8.3,-3.8,0.0,0.0,0.0,13.4,72.0,0,0,6,1,0,0,2,2023,0,1,1
2023-02-13,14335039.0,4.2,8.1,0.7,0.5,0.5,0.0,13.6,74.0,0,0,0,0,0,1,2,2023,0,1,1
2023-02-14,14948309.0,0.3,6.2,-4.8,0.0,0.0,0.0,14.6,59.0,0,0,1,0,0,1,2,2023,0,1,1
2023-02-15,14939986.0,0.7,6.5,-3.4,0.0,0.0,0.0,16.5,56.0,0,0,2,0,0,1,2,2023,0,1,1
2023-02-16,14931792.0,0.8,4.0,-3.1,0.1,0.0,0.07,20.7,73.0,0,0,3,0,0,1,2,2023,0,1,1
2023-02-17,15439011.0,0.8,7.3,-4.4,0.0,0.0,0.0,9.7,76.0,0,0,4,0,0,1,2,2023,0,1,1
2023-02-18,11093977.0,3.3,8.0,-1.3,0.0,0.0,0.0,8.2,65.0,0,0,5,1,0,0,2,2023,0,1,1
2023-02-19,8223503.0,2.0,4.6,-2.8,0.0,0.0,0.0,24.7,61.0,0,0,6,1,0,0,2,2023,0,1,1
2023-02-20,14406455.0,-2.5,1.2,-5.6,0.0,0.0,0.0,26.2,50.0,0,0,0,0,0,1,2,2023,0,1,1
2023-02-21,14729518.0,-3.3,2.3,-6.8,0.0,0.0,0.0,12.0,47.0,0,0,1,0,0,1,2,2023,0,1,1
2023-02-22,14989901.0,-1.8,5.3,-6.5,0.0,0.0,0.0,14.0,55.0,0,0,2,0,0,1,2,2023,0,1,1
2023-02-23,15070102.0,0.0,7.1,-5.3,0.0,0.0,0.0,15.4,77.0,0,0,3,0,0,1,2,2023,0,1,1
2023-02-24,15667744.0,1.6,7.1,-2.2,0.0,0.0,0.0,20.8,65.0,0,0,4,0,0,1,2,2023,0,1,1
2023-02-25,11469293.0,-1.1,4.4,-5.1,0.0,0.0,0.0,20.2,47.0,0,0,5,1,0,0,2,2023,0,1,1
2023-02-26,8456968.0,-0.7,6.7,-6.2,0.0,0.0,0.0,14.0,57.0,0,0,6,1,0,0,2,2023,0,1,1
2023-02-27,14614824.0,0.5,9.5,-4.6,0.0,0.0,0.0,14.0,65.0,0,0,0,0,0,1,2,2023,0,1,1
2023-02-28,15441300.0,2.2,7.5,-4.9,0.0,0.0,0.0,20.1,73.0,0,0,1,0,0,1,2,2023,0,1,1
2023-03-01,8848952.0,4.5,8.3,0.7,0.3,0.3,0.0,26.4,62.0,0,0,2,0,1,0,3,2023,0,1,1
2023-03-02,15192931.0,0.4,5.4,-4.0,0.0,0.0,0.0,20.9,41.0,0,0,3,0,0,1,3,2023,0,1,1
2023-03-03,15727972.0,1.9,8.8,-4.9,0.0,0.0,0.0,20.2,69.0,0,0,4,0,0,1,3,2023,0,1,1
2023-03-04,11166848.0,4.3,12.6,-1.3,0.0,0.0,0.0,13.3,78.0,0,0,5,1,0,0,3,2023,0,1,1
2023-03-05,8166274.0,4.6,12.9,-2.4,0.0,0.0,0.0,12.7,63.0,0,0,6,1,0,0,3,2023,0,1,1
2023-03-06,15212928.0,5.2,13.4,-2.9,0.0,0.0,0.0,16.4,57.0,0,0,0,0,0,1,3,2023,0,1,1
2023-03-07,15565289.0,8.4,16.3,2.9,0.0,0.0,0.0,16.0,76.0,0,0,1,0,0,1,3,2023,0,1,1
2023-03-08,15571603.0,9.4,15.2,4.6,6.5,6.5,0.0,18.8,79.0,1,0,2,0,0,1,3,2023,0,1,1
2023-03-09,15600827.0,8.6,11.1,4.2,0.9,0.9,0.0,14.8,89.0,0,0,3,0,0,1,3,2023,0,1,1
2023-03-10,16241505.0,9.6,20.2,2.5,0.0,0.0,0.0,14.6,74.0,0,0,4,0,0,1,3,2023,0,1,1
2023-03-11,11793100.0,11.0,19.6,5.3,0.0,0.0,0.0,17.2,71.0,0,0,5,1,0,0,3,2023,0,1,1
2023-03-12,7524064.0,4.8,7.5,-1.1,7.3,7.3,0.0,27.1,77.0,1,0,6,1,0,0,3,2023,0,1,1
2023-03-13,15127312.0,0.7,5.3,-4.0,0.0,0.0,0.0,23.7,40.0,0,0,0,0,0,1,3,2023,0,1,1
2023-03-14,15723750.0,5.7,12.6,0.6,0.0,0.0,0.0,21.9,55.0,0,0,1,0,0,1,3,2023,0,1,1
2023-03-15,15637420.0,7.3,13.8,3.1,0.3,0.3,0.0,30.9,71.0,0,0,2,0,0,1,3,2023,0,1,1
2023-03-16,15766940.0,3.0,9.1,-2.0,0.0,0.0,0.0,18.9,42.0,0,0,3,0,0,1,3,2023,0,1,1
2023-03-17,16155221.0,4.5,10.8,-2.1,0.0,0.0,0.0,8.9,42.0,0,0,4,0,0,1,3,2023,0,1,1
2023-03-18,11957517.0,5.7,12.5,-0.6,0.0,0.0,0.0,20.2,53.0,0,0,5,1,0,0,3,2023,0,1,1
2023-03-19,8879124.0,4.7,12.4,-2.1,0.0,0.0,0.0,15.6,73.0,0,0,6,1,0,0,3,2023,0,1,1
2023-03-20,15321706.0,6.1,13.7,-0.3,0.6,0.6,0.0,11.2,65.0,0,0,0,0,0,1,3,2023,0,1,1
2023-03-21,15724850.0,9.0,18.2,0.6,0.0,0.0,0.0,11.2,50.0,0,0,1,0,0,1,3,2023,0,1,1
2023-03-22,15673334.0,13.2,22.0,4.8,0.0,0.0,0.0,17.1,58.0,0,0,2,0,0,1,3,2023,0,1,1
2023-03-23,15740779.0,15.5,22.0,11.0,2.1,2.1,0.0,19.2,64.0,1,0,3,0,0,1,3,2023,0,1,1
2023-03-24,16348112.0,10.3,16.6,4.7,0.0,0.0,0.0,12.8,44.0,0,0,4,0,0,1,3,2023,0,1,1
2023-03-25,12242403.0,11.0,17.0,6.3,0.1,0.1,0.0,12.8,63.0,0,0,5,1,0,0,3,2023,0,1,1
2023-03-26,8936128.0,8.3,13.0,3.5,0.0,0.0,0.0,24.1,43.0,0,0,6,1,0,0,3,2023,0,1,1
2023-03-27,15389132.0,5.2,11.9,-0.5,0.0,0.0,0.0,20.1,55.0,0,0,0,0,0,1,3,2023,0,1,1
2023-03-28,15898667.0,6.9,14.2,0.4,0.0,0.0,0.0,14.6,64.0,0,0,1,0,0,1,3,2023,0,1,1
2023-03-29,15879503.0,9.3,18.2,2.3,0.0,0.0,0.0,17.1,62.0,0,0,2,0,0,1,3,2023,0,1,1
2023-03-30,16000527.0,11.1,19.8,4.0,0.0,0.0,0.0,17.4,54.0,0,0,3,0,0,1,3,2023,0,1,1
2023-03-31,16535224.0,12.3,21.9,5.4,0.0,0.0,0.0,15.1,52.0,0,0,4,0,0,1,3,2023,0,1,1
2023-04-01,12593089.0,14.9,24.3,5.2,0.0,0.0,0.0,14.9,48.0,0,0,5,1,0,0,4,2023,0,1,1
2023-04-02,9462236.0,16.5,23.1,9.4,0.0,0.0,0.0,16.3,34.0,0,0,6,1,0,0,4,2023,0,1,1
2023-04-03,15707968.0,16.3,24.5,7.8,0.0,0.0,0.0,15.6,36.0,0,0,0,0,0,1,4,2023,0,1,1
2023-04-04,15749309.0,15.5,20.7,11.6,8.6,8.6,0.0,15.4,41.0,1,0,1,0,0,1,4,2023,0,1,1
2023-04-05,14715093.0,12.3,15.4,8.4,44.1,44.1,0.0,26.1,89.0,1,1,2,0,0,1,4,2023,0,1,1
2023-04-06,15553740.0,8.9,10.8,6.9,3.0,3.0,0.0,16.9,88.0,1,0,3,0,0,1,4,2023,0,1,1
2023-04-07,16390754.0,7.7,13.5,2.7,0.3,0.3,0.0,27.7,65.0,0,0,4,0,0,1,4,2023,0,1,1
2023-04-08,12065075.0,6.7,13.1,0.7,0.0,0.0,0.0,23.4,62.0,0,0,5,1,0,0,4,2023,0,1,1
2023-04-09,8873905.0,8.2,16.0,2.1,0.0,0.0,0.0,23.4,72.0,0,0,6,1,0,0,4,2023,0,1,1
2023-04-10,15437718.0,10.6,18.0,4.1,0.0,0.0,0.0,25.0,58.0,0,0,0,0,0,1,4,2023,0,1,1
2023-04-11,14914708.0,12.1,17.3,7.8,2.2,2.2,0.0,38.2,70.0,1,0,1,0,0,1,4,2023,0,1,1
2023-04-12,15798048.0,8.0,13.6,0.7,0.0,0.0,0.0,26.8,48.0,0,0,2,0,0,1,4,2023,0,1,1
2023-04-13,15764556.0,9.4,17.4,2.4,0.0,0.0,0.0,14.5,56.0,0,0,3,0,0,1,4,2023,0,1,1
2023-04-14,16054018.0,13.1,20.0,7.6,0.6,0.6,0.0,15.3,62.0,0,0,4,0,0,1,4,2023,0,1,1
2023-04-15,11008347.0,11.0,13.6,7.5,5.5,5.5,0.0,13.8,87.0,1,0,5,1,0,0,4,2023,0,1,1
2023-04-16,8375008.0,9.3,15.2,5.4,1.0,1.0,0.0,22.4,77.0,1,0,6,1,0,0,4,2023,0,1,1
2023-04-17,15179053.0,10.2,15.6,3.3,0.1,0.1,0.0,14.3,67.0,0,0,0,0,0,1,4,2023,0,1,1
2023-04-18,15124967.0,12.4,18.8,9.3,20.2,20.2,0.0,15.9,79.0,1,0,1,0,0,1,4,2023,0,1,1
2023-04-19,15849138.0,16.1,26.5,9.2,0.0,0.0,0.0,13.7,75.0,0,0,2,0,0,1,4,2023,0,1,1
2023-04-20,15559840.0,14.5,17.8,11.1,0.0,0.0,0.0,15.9,90.0,0,0,3,0,0,1,4,2023,0,1,1
2023-04-21,16045823.0,14.8,20.6,9.3,0.0,0.0,0.0,17.7,50.0,0,0,4,0,0,1,4,2023,0,1,1
2023-04-22,11548706.0,13.7,17.8,9.8,0.0,0.0,0.0,18.0,35.0,0,0,5,1,0,0,4,2023,0,1,1
2023-04-23,8439097.0,14.4,20.4,8.5,0.0,0.0,0.0,16.9,48.0,0,0,6,1,0,0,4,2023,0,1,1
2023-04-24,15180341.0,13.8,20.0,9.1,0.0,0.0,0.0,23.0,44.0,0,0,0,0,0,1,4,2023,0,1,1
2023-04-25,15250935.0,9.8,12.5,7.3,1.5,1.5,0.0,10.1,68.0,1,0,1,0,0,1,4,2023,0,1,1
2023-04-26,15797721.0,9.4,13.9,5.5,0.5,0.5,0.0,21.2,71.0,0,0,2,0,0,1,4,2023,0,1,1
2023-04-27,16118203.0,10.4,18.6,3.8,0.0,0.0,0.0,14.9,71.0,0,0,3,0,0,1,4,2023,0,1,1
2023-04-28,16700713.0,13.5,20.0,6.4,2.8,2.8,0.0,20.2,65.0,1,0,4,0,0,1,4,2023,0,1,1
2023-04-29,10827799.0,12.6,14.4,8.9,12.1,12.1,0.0,27.1,86.0,1,0,5,1,0,0,4,2023,0,1,1
2023-04-30,9544995.0,11.5,17.2,6.4,1.2,1.2,0.0,25.5,71.0,1,0,6,1,0,0,4,2023,0,1,1
2023-05-01,11018911.0,12.0,18.4,7.0,0.0,0.0,0.0,18.2,68.0,0,0,0,0,0,1,5,2023,0,1,1
2023-05-02,15792706.0,14.7,23.0,6.7,0.0,0.0,0.0,14.6,56.0,0,0,1,0,0,1,5,2023,0,1,1
2023-05-03,16146261.0,17.2,24.1,9.2,0.0,0.0,0.0,16.4,55.0,0,0,2,0,0,1,5,2023,0,1,1
2023-05-04,16657465.0,19.0,26.3,12.2,0.0,0.0,0.0,15.5,70.0,0,0,3,0,0,1,5,2023,0,1,1
2023-05-05,8022936.0,18.3,20.7,15.2,59.0,59.0,0.0,21.3,90.0,1,1,4,0,1,0,5,2023,0,1,1
2023-05-06,9116539.0,11.8,13.3,11.0,36.9,36.9,0.0,29.4,81.0,1,1,5,1,0,0,5,2023,0,1,1
2023-05-07,8542658.0,12.6,16.3,8.6,0.0,0.0,0.0,18.3,56.0,0,0,6,1,0,0,5,2023,0,1,1
2023-05-08,15308967.0,12.3,19.4,5.5,0.0,0.0,0.0,15.5,66.0,0,0,0,0,0,1,5,2023,0,1,1
2023-05-09,15877026.0,13.0,19.2,6.7,0.0,0.0,0.0,17.1,75.0,0,0,1,0,0,1,5,2023,0,1,1
2023-05-10,15955396.0,14.8,22.6,7.2,0.0,0.0,0.0,10.9,72.0,0,0,2,0,0,1,5,2023,0,1,1
2023-05-11,16040756.0,16.1,24.3,9.1,0.0,0.0,0.0,16.2,68.0,0,0,3,0,0,1,5,2023,0,0,0
2023-05-12,16806913.0,15.1,21.6,9.6,0.0,0.0,0.0,13.3,68.0,0,0,4,0,0,1,5,2023,0,0,0
2023-05-13,12569918.0,15.5,21.7,9.0,0.0,0.0,0.0,13.0,75.0,0,0,5,1,0,0,5,2023,0,0,0
2023-05-14,9272735.0,15.7,21.0,10.5,0.0,0.0,0.0,15.0,69.0,0,0,6,1,0,0,5,2023,0,0,0
2023-05-15,15502603.0,17.5,25.9,10.3,0.0,0.0,0.0,16.3,69.0,0,0,0,0,0,1,5,2023,0,0,0
2023-05-16,15913564.0,20.3,27.9,14.0,0.0,0.0,0.0,17.6,69.0,0,0,1,0,0,1,5,2023,0,0,0
2023-05-17,16000877.0,19.9,26.7,13.7,0.0,0.0,0.0,26.8,75.0,0,0,2,0,0,1,5,2023,0,0,0
2023-05-18,15698179.0,19.9,25.3,15.0,0.2,0.2,0.0,17.7,73.0,0,0,3,0,0,1,5,2023,0,0,0
2023-05-19,16645348.0,20.4,24.9,15.6,0.0,0.0,0.0,14.6,65.0,0,0,4,0,0,1,5,2023,0,0,0
2023-05-20,12791664.0,19.0,25.1,14.7,0.0,0.0,0.0,25.6,73.0,0,0,5,1,0,0,5,2023,0,0,0
2023-05-21,9092068.0,16.6,20.2,14.4,1.1,1.1,0.0,20.5,77.0,1,0,6,1,0,0,5,2023,0,0,0
2023-05-22,15287991.0,18.1,24.6,13.7,0.0,0.0,0.0,15.0,64.0,0,0,0,0,0,1,5,2023,0,0,0
2023-05-23,15767158.0,18.3,24.9,12.9,0.0,0.0,0.0,10.2,60.0,0,0,1,0,0,1,5,2023,0,0,0
2023-05-24,15858049.0,18.8,25.3,12.9,0.0,0.0,0.0,17.0,62.0,0,0,2,0,0,1,5,2023,0,0,0
2023-05-25,16073138.0,18.8,24.9,12.6,0.0,0.0,0.0,21.6,57.0,0,0,3,0,0,1,5,2023,0,0,0
2023-05-26,16359628.0,19.9,25.8,14.7,0.1,0.1,0.0,18.8,61.0,0,0,4,0,0,1,5,2023,0,0,0
2023-05-27,10110271.0,18.3,19.8,16.0,24.6,24.6,0.0,10.9,87.0,1,0,5,1,1,0,5,2023,0,0,0
2023-05-28,7690267.0,18.6,19.7,17.7,37.4,37.4,0.0,14.5,95.0,1,1,6,1,0,0,5,2023,0,0,0
2023-05-29,8952971.0,21.4,26.7,18.0,5.9,5.9,0.0,11.7,86.0,1,0,0,0,1,0,5,2023,0,0,0
2023-05-30,15479969.0,21.3,26.0,17.9,1.6,1.6,0.0,17.8,82.0,1,0,1,0,0,1,5,2023,0,0,0
2023-05-31,15667660.0,20.3,25.0,17.0,0.0,0.0,0.0,15.1,72.0,0,0,2,0,0,1,5,2023,0,0,0
2023-06-01,15666556.0,20.6,24.4,17.0,1.1,1.1,0.0,11.6,80.0,1,0,3,0,0,1,6,2023,0,0,0
2023-06-02,16130353.0,18.8,23.4,15.8,0.7,0.7,0.0,17.1,85.0,0,0,4,0,0,1,6,2023,0,0,0
2023-06-03,11825144.0,19.5,25.5,14.2,0.0,0.0,0.0,22.7,69.0,0,0,5,1,0,0,6,2023,0,0,0
2023-06-04,8701202.0,18.8,24.0,14.1,0.0,0.0,0.0,18.8,77.0,0,0,6,1,0,0,6,2023,0,0,0
2023-06-05,14296878.0,18.8,22.5,14.7,0.0,0.0,0.0,22.5,79.0,0,0,0,0,0,1,6,2023,0,0,0
2023-06-06,8867765.0,18.4,22.5,14.6,0.0,0.0,0.0,18.7,81.0,0,0,1,0,1,0,6,2023,0,0,0
2023-06-07,15404416.0,20.0,24.8,16.3,0.4,0.4,0.0,18.0,80.0,0,0,2,0,0,1,6,2023,0,0,0
2023-06-08,15398567.0,19.2,22.7,16.9,20.8,20.8,0.0,16.6,84.0,1,0,3,0,0,1,6,2023,0,0,0
2023-06-09,15972012.0,20.7,25.8,16.4,3.1,3.1,0.0,12.5,73.0,1,0,4,0,0,1,6,2023,0,0,0
2023-06-10,11173178.0,21.1,27.4,18.1,26.1,26.1,0.0,16.2,79.0,1,0,5,1,0,0,6,2023,0,0,0
2023-06-11,8078322.0,20.2,23.3,17.0,15.5,15.5,0.0,11.4,83.0,1,0,6,1,0,0,6,2023,0,0,0
2023-06-12,15059582.0,20.9,25.4,17.2,0.7,0.7,0.0,13.7,82.0,0,0,0,0,0,1,6,2023,0,0,0
2023-06-13,15556467.0,20.0,23.7,16.9,0.5,0.5,0.0,20.1,80.0,0,0,1,0,0,1,6,2023,0,0,0
2023-06-14,15517272.0,19.9,24.7,14.3,2.7,2.7,0.0,9.9,80.0,1,0,2,0,0,1,6,2023,0,0,0
2023-06-15,15599508.0,20.5,25.6,15.9,0.9,0.9,0.0,14.4,82.0,0,0,3,0,0,1,6,2023,0,0,0
2023-06-16,16102293.0,20.9,25.8,16.6,0.0,0.0,0.0,14.8,80.0,0,0,4,0,0,1,6,2023,0,0,0
2023-06-17,12066894.0,21.4,27.9,16.0,0.0,0.0,0.0,16.8,75.0,0,0,5,1,0,0,6,2023,0,0,0
2023-06-18,8663434.0,23.1,29.3,18.4,0.0,0.0,0.0,15.6,75.0,0,0,6,1,0,0,6,2023,0,0,0
2023-06-19,14778351.0,26.3,33.9,20.3,0.0,0.0,0.0,14.1,66.0,0,0,0,0,0,1,6,2023,0,0,0
2023-06-20,15216931.0,23.0,25.9,20.4,4.9,4.9,0.0,12.9,72.0,1,0,1,0,0,1,6,2023,0,0,0
2023-06-21,15002179.0,21.0,24.0,19.0,35.7,35.7,0.0,14.1,84.0,1,1,2,0,0,1,6,2023,0,0,0
2023-06-22,15555783.0,20.0,24.4,15.1,1.4,1.4,0.0,18.6,83.0,1,0,3,0,0,1,6,2023,0,0,0
2023-06-23,16138655.0,22.1,27.7,18.1,0.1,0.1,0.0,9.5,84.0,0,0,4,0,0,1,6,2023,0,0,0
2023-06-24,11921125.0,24.2,28.3,20.4,0.1,0.1,0.0,10.6,78.0,0,0,5,1,0,0,6,2023,0,0,0
2023-06-25,8505843.0,25.4,31.4,19.8,0.0,0.0,0.0,11.2,76.0,0,0,6,1,0,0,6,2023,0,0,0
2023-06-26,14151030.0,23.1,26.1,21.2,43.8,43.8,0.0,24.7,88.0,1,1,0,0,0,1,6,2023,0,0,0
2023-06-27,15092004.0,23.5,27.3,20.4,3.2,3.2,0.0,26.6,82.0,1,0,1,0,0,1,6,2023,0,0,0
2023-06-28,15208725.0,24.0,28.1,20.9,2.1,2.1,0.0,16.9,86.0,1,0,2,0,0,1,6,2023,0,0,0
2023-06-29,13983302.0,23.1,24.5,22.3,45.8,45.8,0.0,23.4,96.0,1,1,3,0,0,1,6,2023,0,0,0
2023-06-30,15763656.0,24.0,26.8,21.8,10.7,10.7,0.0,10.3,92.0,1,0,4,0,0,1,6,2023,0,0,0
2023-07-01,11336288.0,25.5,31.3,21.4,0.2,0.2,0.0,14.1,86.0,0,0,5,1,0,0,7,2023,0,0,0
2023-07-02,8229262.0,24.3,29.0,21.1,0.2,0.2,0.0,10.5,88.0,0,0,6,1,0,0,7,2023,0,0,0
2023-07-03,14621377.0,26.8,32.6,21.3,0.1,0.1,0.0,8.2,80.0,0,0,0,0,0,1,7,2023,0,0,0
2023-07-04,14572352.0,24.9,28.0,22.6,29.6,29.6,0.0,18.8,90.0,1,0,1,0,0,1,7,2023,0,0,0
2023-07-05,15139996.0,23.4,26.2,21.0,19.6,19.6,0.0,28.8,86.0,1,0,2,0,0,1,7,2023,0,0,0
2023-07-06,15333426.0,25.1,30.0,20.6,0.0,0.0,0.0,19.9,80.0,0,0,3,0,0,1,7,2023,0,0,0
2023-07-07,15836057.0,24.7,29.9,20.9,0.0,0.0,0.0,19.5,71.0,0,0,4,0,0,1,7,2023,0,0,0
2023-07-08,11394106.0,23.8,28.9,19.7,0.5,0.5,0.0,12.6,82.0,0,0,5,1,0,0,7,2023,0,0,0
2023-07-09,7568334.0,23.7,26.1,22.2,37.3,37.3,0.0,17.3,91.0,1,1,6,1,0,0,7,2023,0,0,0
2023-07-10,14501779.0,24.8,29.0,21.1,6.2,6.2,0.0,20.7,87.0,1,0,0,0,0,1,7,2023,0,0,0
2023-07-11,14189746.0,23.0,24.1,20.9,41.1,41.1,0.0,19.1,96.0,1,1,1,0,0,1,7,2023,0,0,0
2023-07-12,15191463.0,24.8,28.1,21.7,2.8,2.8,0.0,10.5,88.0,1,0,2,0,0,1,7,2023,0,0,0
2023-07-13,14230252.0,24.3,25.7,23.3,48.1,48.1,0.0,17.7,95.0,1,1,3,0,0,1,7,2023,0,0,0
2023-07-14,14749995.0,24.4,25.6,23.5,56.5,56.5,0.0,22.7,96.0,1,1,4,0,0,1,7,2023,0,0,0
2023-07-15,10324252.0,24.1,26.0,23.0,35.8,35.8,0.0,26.6,94.0,1,1,5,1,0,0,7,2023,0,0,0
2023-07-16,7838643.0,23.6,25.6,22.4,1.7,1.7,0.0,19.0,90.0,1,0,6,1,0,0,7,2023,0,0,0
2023-07-17,14494933.0,23.9,26.0,22.0,4.4,4.4,0.0,16.5,90.0,1,0,0,0,0,1,7,2023,0,0,0
2023-07-18,14655196.0,23.8,25.5,22.1,15.5,15.5,0.0,8.6,93.0,1,0,1,0,0,1,7,2023,0,0,0
2023-07-19,15250745.0,25.2,30.5,21.5,0.1,0.1,0.0,10.6,85.0,0,0,2,0,0,1,7,2023,0,0,0
2023-07-20,15314070.0,25.6,30.9,21.0,0.0,0.0,0.0,13.6,84.0,0,0,3,0,0,1,7,2023,0,0,0
2023-07-21,15611820.0,27.1,32.0,22.0,0.1,0.1,0.0,6.9,78.0,0,0,4,0,0,1,7,2023,0,0,0
2023-07-22,10766539.0,26.3,30.2,24.0,10.4,10.4,0.0,23.2,80.0,1,0,5,1,0,0,7,2023,0,0,0
2023-07-23,6944993.0,24.6,26.2,23.5,44.3,44.3,0.0,23.4,93.0,1,1,6,1,0,0,7,2023,0,0,0
2023-07-24,14327996.0,25.3,29.0,23.1,14.8,14.8,0.0,15.5,89.0,1,0,0,0,0,1,7,2023,0,0,0
2023-07-25,14674436.0,25.2,28.6,22.4,13.1,13.1,0.0,17.0,89.0,1,0,1,0,0,1,7,2023,0,0,0
2023-07-26,14749288.0,24.8,28.9,22.3,30.4,30.4,0.0,16.8,90.0,1,1,2,0,0,1,7,2023,0,0,0
2023-07-27,14859901.0,25.7,30.8,22.0,2.3,2.3,0.0,14.8,87.0,1,0,3,0,0,1,7,2023,0,0,0
2023-07-28,15026564.0,27.1,32.0,22.7,2.2,2.2,0.0,13.6,83.0,1,0,4,0,0,1,7,2023,0,0,0
2023-07-29,10359305.0,27.6,31.4,24.5,0.2,0.2,0.0,13.7,80.0,0,0,5,1,0,0,7,2023,0,0,0
2023-07-30,7946610.0,27.6,33.1,22.7,0.1,0.1,0.0,8.2,77.0,0,0,6,1,0,0,7,2023,0,0,0
2023-07-31,13677949.0,27.2,31.4,23.5,0.3,0.3,0.0,9.8,82.0,0,0,0,0,0,1,7,2023,0,0,0
2023-08-01,13848292.0,28.1,32.5,23.9,0.3,0.3,0.0,8.5,84.0,0,0,1,0,0,1,8,2023,0,0,0
2023-08-02,13770553.0,27.3,31.0,24.1,0.0,0.0,0.0,13.8,83.0,0,0,2,0,0,1,8,2023,0,0,0
2023-08-03,13842262.0,26.7,31.0,22.4,0.0,0.0,0.0,13.8,82.0,0,0,3,0,0,1,8,2023,0,0,0
2023-08-04,13907702.0,27.8,32.1,23.5,0.0,0.0,0.0,12.1,79.0,0,0,4,0,0,1,8,2023,0,0,0
2023-08-05,9534403.0,27.9,33.6,23.4,0.0,0.0,0.0,18.2,80.0,0,0,5,1,0,0,8,2023,0,0,0
2023-08-06,7262046.0,28.2,31.9,24.6,11.0,11.0,0.0,10.9,82.0,1,0,6,1,0,0,8,2023,0,0,0
2023-08-07,13575803.0,28.2,32.7,24.4,3.5,3.5,0.0,16.4,78.0,1,0,0,0,0,1,8,2023,0,0,0
2023-08-08,14123974.0,28.2,33.7,23.2,3.1,3.1,0.0,17.4,70.0,1,0,1,0,0,1,8,2023,0,0,0
2023-08-09,14295326.0,27.0,31.4,24.0,2.5,2.5,0.0,18.7,71.0,1,0,2,0,0,1,8,2023,0,0,0
2023-08-10,11503300.0,22.0,24.0,20.5,74.6,74.6,0.0,25.7,91.0,1,1,3,0,0,1,8,2023,0,0,0
2023-08-11,13933314.0,22.9,24.5,20.7,30.4,30.4,0.0,22.4,93.0,1,1,4,0,0,1,8,2023,0,0,0
2023-08-12,10220328.0,23.8,26.2,22.2,10.2,10.2,0.0,14.8,89.0,1,0,5,1,0,0,8,2023,0,0,0
2023-08-13,7993680.0,25.7,29.9,22.0,0.2,0.2,0.0,9.1,83.0,0,0,6,1,0,0,8,2023,0,0,0
2023-08-14,13141259.0,26.9,31.3,23.2,0.2,0.2,0.0,10.1,81.0,0,0,0,0,0,1,8,2023,0,0,0
2023-08-15,8452685.0,26.7,30.7,23.3,0.0,0.0,0.0,10.1,80.0,0,0,1,0,1,0,8,2023,0,0,0
2023-08-16,14564097.0,25.6,29.4,22.2,1.0,1.0,0.0,10.9,79.0,1,0,2,0,0,1,8,2023,0,0,0
2023-08-17,14733732.0,26.4,30.6,22.5,0.1,0.1,0.0,6.7,82.0,0,0,3,0,0,1,8,2023,0,0,0
2023-08-18,15217166.0,26.9,30.6,23.4,1.3,1.3,0.0,9.4,83.0,1,0,4,0,0,1,8,2023,0,0,0
2023-08-19,10832609.0,26.8,31.4,23.6,0.2,0.2,0.0,13.9,82.0,0,0,5,1,0,0,8,2023,0,0,0
2023-08-20,8002085.0,26.2,30.3,22.6,0.0,0.0,0.0,10.0,85.0,0,0,6,1,0,0,8,2023,0,0,0
2023-08-21,14231193.0,26.9,31.6,23.8,4.7,4.7,0.0,17.1,84.0,1,0,0,0,0,1,8,2023,0,0,0
2023-08-22,14372501.0,25.8,29.2,23.8,24.1,24.1,0.0,18.5,89.0,1,0,1,0,0,1,8,2023,0,0,0
2023-08-23,14018686.0,24.1,25.1,23.2,62.5,62.5,0.0,13.4,95.0,1,1,2,0,0,1,8,2023,0,0,0
2023-08-24,14701039.0,24.3,27.8,22.0,14.0,14.0,0.0,15.0,88.0,1,0,3,0,0,1,8,2023,0,0,0
2023-08-25,15603960.0,24.8,27.7,22.2,1.3,1.3,0.0,19.3,87.0,1,0,4,0,0,1,8,2023,0,0,0
2023-08-26,11377144.0,24.5,28.5,21.2,0.0,0.0,0.0,11.3,85.0,0,0,5,1,0,0,8,2023,0,0,0
2023-08-27,8387303.0,23.9,27.2,20.8,1.5,1.5,0.0,14.0,85.0,1,0,6,1,0,0,8,2023,0,0,0
2023-08-28,14291930.0,22.5,24.8,20.9,27.8,27.8,0.0,20.7,88.0,1,0,0,0,0,1,8,2023,0,0,0
2023-08-29,14332221.0,23.4,25.1,21.4,33.3,33.3,0.0,21.7,92.0,1,1,1,0,0,1,8,2023,0,0,0
2023-08-30,15071981.0,22.2,24.8,20.4,3.0,3.0,0.0,10.8,90.0,1,0,2,0,0,1,8,2023,0,0,0
2023-08-31,15200117.0,22.8,27.2,19.5,0.2,0.2,0.0,11.4,82.0,0,0,3,0,0,1,8,2023,0,0,0
2023-09-01,15991703.0,22.5,27.8,18.1,0.0,0.0,0.0,11.3,79.0,0,0,4,0,0,1,9,2023,0,0,0
2023-09-02,11839175.0,22.9,29.1,18.0,0.0,0.0,0.0,9.2,77.0,0,0,5,1,0,0,9,2023,0,0,0
2023-09-03,8281911.0,25.1,29.1,22.0,2.4,2.4,0.0,8.7,83.0,1,0,6,1,0,0,9,2023,0,0,0
2023-09-04,15181056.0,24.4,27.7,22.0,7.1,7.1,0.0,9.7,88.0,1,0,0,0,0,1,9,2023,0,0,0
2023-09-05,15548954.0,25.8,30.5,23.2,2.7,2.7,0.0,11.5,83.0,1,0,1,0,0,1,9,2023,0,0,0
2023-09-06,15662290.0,25.7,30.2,22.0,0.3,0.3,0.0,14.3,76.0,0,0,2,0,0,1,9,2023,0,0,0
2023-09-07,15798667.0,23.9,29.6,18.2,0.0,0.0,0.0,12.2,68.0,0,0,3,0,0,1,9,2023,0,0,0
2023-09-08,16301468.0,22.4,28.2,16.5,0.0,0.0,0.0,9.4,75.0,0,0,4,0,0,1,9,2023,0,0,0
2023-09-09,12080511.0,23.5,29.0,18.8,0.0,0.0,0.0,10.5,80.0,0,0,5,1,0,0,9,2023,0,0,0
2023-09-10,8697159.0,23.4,27.6,19.0,0.1,0.1,0.0,8.5,80.0,0,0,6,1,0,0,9,2023,0,0,0
2023-09-11,15271897.0,23.7,27.9,21.2,0.8,0.8,0.0,11.9,77.0,0,0,0,0,0,1,9,2023,0,0,0
2023-09-12,15667233.0,23.7,28.3,20.2,0.0,0.0,0.0,9.7,79.0,0,0,1,0,0,1,9,2023,0,0,0
2023-09-13,15492510.0,21.5,22.9,19.5,19.2,19.2,0.0,10.5,90.0,1,0,2,0,0,1,9,2023,0,0,0
2023-09-14,15837179.0,21.9,26.3,17.6,0.1,0.1,0.0,18.7,79.0,0,0,3,0,0,1,9,2023,0,0,0
2023-09-15,15802274.0,21.3,23.4,20.1,9.5,9.5,0.0,12.2,86.0,1,0,4,0,0,1,9,2023,0,0,0
2023-09-16,11484980.0,22.7,26.3,20.4,25.3,25.3,0.0,8.7,91.0,1,0,5,1,0,0,9,2023,0,0,0
2023-09-17,8488427.0,22.8,26.7,20.4,12.4,12.4,0.0,12.6,91.0,1,0,6,1,0,0,9,2023,0,0,0
2023-09-18,15282515.0,22.7,26.9,19.7,1.3,1.3,0.0,11.9,88.0,1,0,0,0,0,1,9,2023,0,0,0
2023-09-19,15683641.0,22.4,26.5,19.0,0.6,0.6,0.0,14.8,90.0,0,0,1,0,0,1,9,2023,0,0,0
2023-09-20,15210659.0,20.6,22.1,19.0,39.4,39.4,0.0,19.9,91.0,1,1,2,0,0,1,9,2023,0,0,0
2023-09-21,15924748.0,18.9,22.4,16.2,0.0,0.0,0.0,19.3,74.0,0,0,3,0,0,1,9,2023,0,0,0
2023-09-22,16543296.0,18.1,23.8,12.4,0.0,0.0,0.0,8.9,79.0,0,0,4,0,0,1,9,2023,0,0,0
2023-09-23,12169391.0,19.8,24.9,14.8,0.0,0.0,0.0,16.1,75.0,0,0,5,1,0,0,9,2023,0,0,0
2023-09-24,8764100.0,19.8,24.3,15.4,0.1,0.1,0.0,15.7,70.0,0,0,6,1,0,0,9,2023,0,0,0
2023-09-25,15518431.0,19.7,23.0,17.1,1.3,1.3,0.0,12.1,76.0,1,0,0,0,0,1,9,2023,0,0,0
2023-09-26,15645584.0,19.7,21.5,18.5,14.7,14.7,0.0,10.9,92.0,1,0,1,0,0,1,9,2023,0,0,0
2023-09-27,15525806.0,20.9,23.4,19.6,2.8,2.8,0.0,10.9,91.0,1,0,2,0,0,1,9,2023,0,0,0
2023-09-28,6789417.0,21.0,24.7,17.9,0.9,0.9,0.0,15.8,88.0,0,0,3,0,1,0,9,2023,0,0,0
2023-09-29,5641037.0,19.1,23.7,15.9,0.0,0.0,0.0,10.8,75.0,0,0,4,0,1,0,9,2023,0,0,0
2023-09-30,6870133.0,18.8,21.5,15.6,3.9,3.9,0.0,19.2,82.0,1,0,5,1,1,0,9,2023,0,0,0
2023-10-01,8071722.0,16.1,21.3,12.1,0.0,0.0,0.0,16.8,69.0,0,0,6,1,0,0,10,2023,0,0,0
2023-10-02,9149136.0,16.4,22.1,11.9,0.0,0.0,0.0,13.1,64.0,0,0,0,0,1,0,10,2023,0,0,0
2023-10-03,8127810.0,15.8,20.9,11.8,0.0,0.0,0.0,12.5,76.0,0,0,1,0,1,0,10,2023,0,0,0
2023-10-04,15122006.0,16.2,21.5,11.9,1.2,1.2,0.0,23.5,82.0,1,0,2,0,0,1,10,2023,0,0,0
2023-10-05,15616137.0,13.1,17.1,9.3,0.0,0.0,0.0,23.2,49.0,0,0,3,0,0,1,10,2023,0,0,0
2023-10-06,16274340.0,13.6,19.0,9.1,0.0,0.0,0.0,11.2,64.0,0,0,4,0,0,1,10,2023,0,0,0
2023-10-07,12695991.0,14.6,20.8,8.2,0.0,0.0,0.0,10.0,72.0,0,0,5,1,0,0,10,2023,0,0,0
2023-10-08,9362000.0,15.7,19.3,12.7,0.2,0.2,0.0,14.8,75.0,0,0,6,1,0,0,10,2023,0,0,0
2023-10-09,8894580.0,15.6,19.4,13.1,0.2,0.2,0.0,9.9,75.0,0,0,0,0,1,0,10,2023,0,0,0
2023-10-10,15688092.0,14.9,21.3,10.4,0.0,0.0,0.0,10.3,82.0,0,0,1,0,0,1,10,2023,0,0,0
2023-10-11,15891969.0,15.2,21.2,11.1,0.0,0.0,0.0,9.2,74.0,0,0,2,0,0,1,10,2023,0,0,0
2023-10-12,15990503.0,15.0,22.1,9.5,0.0,0.0,0.0,9.4,76.0,0,0,3,0,0,1,10,2023,0,0,0
2023-10-13,16663264.0,16.0,20.0,12.5,0.0,0.0,0.0,7.9,77.0,0,0,4,0,0,1,10,2023,0,0,0
2023-10-14,11488255.0,14.4,16.7,10.9,4.8,4.8,0.0,9.6,86.0,1,0,5,1,0,0,10,2023,0,0,0
2023-10-15,9313906.0,14.3,19.5,10.8,0.0,0.0,0.0,15.6,84.0,0,0,6,1,0,0,10,2023,0,0,0
2023-10-16,15404151.0,12.0,17.1,7.8,0.0,0.0,0.0,11.4,72.0,0,0,0,0,0,1,10,2023,0,0,0
2023-10-17,15848662.0,11.8,17.7,7.8,0.0,0.0,0.0,9.5,67.0,0,0,1,0,0,1,10,2023,0,0,0
2023-10-18,15950390.0,12.8,19.3,6.8,0.0,0.0,0.0,13.5,82.0,0,0,2,0,0,1,10,2023,0,0,0
2023-10-19,15453389.0,15.3,18.4,13.5,8.1,8.1,0.0,13.4,91.0,1,0,3,0,0,1,10,2023,0,0,0
2023-10-20,16666033.0,10.8,13.5,6.2,0.0,0.0,0.0,24.7,50.0,0,0,4,0,0,1,10,2023,0,0,0
2023-10-21,12376289.0,9.0,15.3,4.0,0.0,0.0,0.0,20.6,62.0,0,0,5,1,0,0,10,2023,0,0,0
2023-10-22,9198626.0,10.2,16.6,4.0,0.0,0.0,0.0,12.6,77.0,0,0,6,1,0,0,10,2023,0,0,0
2023-10-23,15302066.0,12.7,18.0,7.8,0.7,0.7,0.0,13.4,85.0,0,0,0,0,0,1,10,2023,0,0,0
2023-10-24,15638580.0,12.5,17.8,8.2,1.4,1.4,0.0,15.3,90.0,1,0,1,0,0,1,10,2023,0,0,0
2023-10-25,15919100.0,13.8,20.0,9.2,0.1,0.1,0.0,9.6,87.0,0,0,2,0,0,1,10,2023,0,0,0
2023-10-26,15776371.0,14.3,19.6,10.7,7.8,7.8,0.0,19.7,93.0,1,0,3,0,0,1,10,2023,0,0,0
2023-10-27,16504455.0,13.3,17.6,8.9,0.5,0.5,0.0,11.6,81.0,0,0,4,0,0,1,10,2023,0,0,0
2023-10-28,12583819.0,12.2,17.4,7.1,0.0,0.0,0.0,8.8,76.0,0,0,5,1,0,0,10,2023,0,0,0
2023-10-29,9352747.0,12.1,18.3,6.8,0.0,0.0,0.0,9.4,77.0,0,0,6,1,0,0,10,2023,0,0,0
2023-10-30,15408113.0,11.6,18.5,6.5,0.0,0.0,0.0,9.1,84.0,0,0,0,0,0,1,10,2023,0,0,0
2023-10-31,15731700.0,12.3,18.4,7.5,0.0,0.0,0.0,12.3,88.0,0,0,1,0,0,1,10,2023,0,0,0
2023-11-01,15446229.0,17.0,21.9,14.4,6.5,6.5,0.0,27.5,90.0,1,0,2,0,0,1,11,2023,0,0,0
2023-11-02,15878078.0,17.8,23.0,14.5,0.0,0.0,0.0,18.6,84.0,0,0,3,0,0,1,11,2023,0,0,0
2023-11-03,16113367.0,16.8,19.3,15.2,11.9,11.9,0.0,22.1,94.0,1,0,4,0,0,1,11,2023,0,0,0
2023-11-04,12205939.0,16.4,20.2,13.9,2.0,2.0,0.0,14.8,83.0,1,0,5,1,0,0,11,2023,0,0,0
2023-11-05,8299814.0,15.8,19.8,12.6,31.0,31.0,0.0,25.9,89.0,1,1,6,1,0,0,11,2023,0,0,0
2023-11-06,14720692.0,13.9,18.9,6.7,34.9,34.9,0.0,38.6,79.0,1,1,0,0,0,1,11,2023,0,0,0
2023-11-07,15623429.0,4.5,7.0,2.2,0.1,0.1,0.0,26.6,64.0,0,0,1,0,0,1,11,2023,0,0,0
2023-11-08,15881996.0,6.2,12.8,-0.4,0.0,0.0,0.0,8.2,63.0,0,0,2,0,0,1,11,2023,0,0,0
2023-11-09,15493718.0,10.4,18.0,4.2,3.6,3.6,0.0,17.1,83.0,1,0,3,0,0,1,11,2023,0,0,0
2023-11-10,15903668.0,2.3,6.9,-0.6,0.0,0.0,0.0,21.7,52.0,0,0,4,0,0,1,11,2023,0,0,0
2023-11-11,12027205.0,-0.1,4.2,-3.2,0.0,0.0,0.0,10.4,53.0,0,0,5,1,0,0,11,2023,0,0,0
2023-11-12,8559668.0,-0.8,3.4,-4.4,0.0,0.0,0.0,13.2,66.0,0,0,6,1,0,0,11,2023,0,0,0
2023-11-13,15051925.0,-0.7,4.5,-4.9,0.0,0.0,0.0,13.9,68.0,0,0,0,0,0,1,11,2023,0,0,0
2023-11-14,15490594.0,2.6,8.1,-2.7,0.0,0.0,0.0,9.0,80.0,0,0,1,0,0,1,11,2023,0,0,0
2023-11-15,15844707.0,4.4,10.7,-1.9,0.0,0.0,0.0,13.3,82.0,0,0,2,0,0,1,11,2023,0,0,0
2023-11-16,15192954.0,5.1,7.5,2.5,9.5,9.5,0.0,13.7,93.0,1,0,3,0,0,1,11,2023,0,0,0
2023-11-17,16098878.0,0.6,3.9,-3.5,0.5,0.1,0.28,19.3,69.0,0,0,4,0,0,1,11,2023,0,0,0
2023-11-18,11687477.0,-1.3,4.0,-4.6,0.0,0.0,0.0,21.2,63.0,0,0,5,1,0,0,11,2023,0,0,0
2023-11-19,8870729.0,3.8,12.6,-3.4,0.2,0.2,0.0,25.6,78.0,0,0,6,1,0,0,11,2023,0,0,0
2023-11-20,15270017.0,3.0,8.8,-2.3,0.0,0.0,0.0,8.7,73.0,0,0,0,0,0,1,11,2023,0,0,0
2023-11-21,15641555.0,3.8,11.3,-1.4,0.0,0.0,0.0,10.2,77.0,0,0,1,0,0,1,11,2023,0,0,0
2023-11-22,15754003.0,5.7,12.6,0.0,0.0,0.0,0.0,11.5,79.0,0,0,2,0,0,1,11,2023,0,0,0
2023-11-23,15834815.0,8.9,13.0,1.4,0.4,0.4,0.0,23.2,80.0,0,0,3,0,0,1,11,2023,0,0,0
2023-11-24,16148161.0,-2.8,0.4,-5.3,0.0,0.0,0.0,22.2,55.0,0,0,4,0,0,1,11,2023,0,0,0
2023-11-25,11683135.0,-3.5,0.6,-6.8,0.0,0.0,0.0,8.9,52.0,0,0,5,1,0,0,11,2023,0,0,0
2023-11-26,8650095.0,1.6,5.4,-1.7,0.0,0.0,0.0,9.6,54.0,0,0,6,1,0,0,11,2023,0,0,0
2023-11-27,14931555.0,5.3,8.7,3.7,3.6,3.6,0.0,15.8,86.0,1,0,0,0,0,1,11,2023,0,0,0
2023-11-28,15586251.0,-0.8,3.2,-4.2,0.0,0.0,0.0,22.1,65.0,0,0,1,0,0,1,11,2023,0,0,0
2023-11-29,15591386.0,-2.7,0.1,-5.8,0.1,0.0,0.07,19.0,63.0,0,0,2,0,0,1,11,2023,0,0,0
2023-11-30,15324326.0,-5.3,-2.1,-7.7,0.0,0.0,0.0,17.9,47.0,0,0,3,0,0,1,11,2023,0,0,0
2023-12-01,15957260.0,-4.1,0.6,-7.1,0.0,0.0,0.0,20.3,57.0,0,0,4,0,0,1,12,2023,0,0,0
2023-12-02,11683841.0,-0.1,6.3,-5.6,0.2,0.2,0.0,22.1,68.0,0,0,5,1,0,0,12,2023,0,0,0
2023-12-03,8554161.0,-1.6,3.3,-5.6,0.0,0.0,0.0,11.8,73.0,0,0,6,1,0,0,12,2023,0,0,0
2023-12-04,15110172.0,-0.5,6.8,-4.9,0.0,0.0,0.0,11.8,73.0,0,0,0,0,0,1,12,2023,0,0,0
2023-12-05,15552372.0,4.1,9.5,0.8,0.0,0.0,0.0,10.1,74.0,0,0,1,0,0,1,12,2023,0,0,0
2023-12-06,15377055.0,4.6,9.4,-0.2,11.1,11.1,0.0,21.0,88.0,1,0,2,0,0,1,12,2023,0,0,0
2023-12-07,15763920.0,4.0,10.5,-3.1,0.0,0.0,0.0,25.8,75.0,0,0,3,0,0,1,12,2023,0,0,0
2023-12-08,16241873.0,9.1,15.6,3.6,0.0,0.0,0.0,28.4,80.0,0,0,4,0,0,1,12,2023,0,0,0
2023-12-09,12142264.0,10.7,15.3,7.4,0.2,0.2,0.0,15.5,91.0,0,0,5,1,0,0,12,2023,0,0,0
2023-12-10,8702998.0,7.7,13.9,2.1,0.1,0.1,0.0,13.9,81.0,0,0,6,1,0,0,12,2023,0,0,0
2023-12-11,14646114.0,7.8,10.2,3.4,14.3,14.3,0.0,30.2,85.0,1,0,0,0,0,1,12,2023,0,0,0
2023-12-12,15647413.0,4.0,7.7,1.3,0.8,0.8,0.0,21.1,77.0,0,0,1,0,0,1,12,2023,0,0,0
2023-12-13,15867028.0,4.2,10.0,-1.9,0.6,0.6,0.0,11.9,81.0,0,0,2,0,0,1,12,2023,0,0,0
2023-12-14,15621977.0,6.5,7.2,5.4,19.8,19.8,0.0,22.6,87.0,1,0,3,0,0,1,12,2023,0,0,0
2023-12-15,16035068.0,4.5,5.3,3.1,18.9,18.9,0.0,22.4,84.0,1,0,4,0,0,1,12,2023,0,0,0
2023-12-16,12480002.0,-4.0,2.9,-10.9,0.4,0.2,0.14,30.3,64.0,0,0,5,1,0,0,12,2023,0,0,0
2023-12-17,8246754.0,-10.3,-7.0,-12.8,0.0,0.0,0.0,18.3,37.0,0,0,6,1,0,0,12,2023,0,0,0
2023-12-18,14720664.0,-7.7,-3.6,-11.0,0.0,0.0,0.0,12.7,27.0,0,0,0,0,0,1,12,2023,0,0,0
2023-12-19,15562275.0,-4.3,0.0,-8.1,0.0,0.0,0.07,10.8,38.0,0,0,1,0,0,1,12,2023,0,0,0
2023-12-20,15823119.0,-7.6,-3.9,-11.4,0.1,0.0,0.07,20.1,53.0,0,0,2,0,0,1,12,2023,0,0,0
2023-12-21,15022701.0,-11.8,-8.1,-14.5,0.0,0.0,0.0,17.9,41.0,0,0,3,0,0,1,12,2023,0,0,0
2023-12-22,15605884.0,-12.0,-8.1,-14.9,0.0,0.0,0.0,17.1,37.0,0,0,4,0,0,1,12,2023,0,0,0
2023-12-23,11301952.0,-7.9,-2.4,-12.2,0.0,0.0,0.0,7.6,47.0,0,0,5,1,0,0,12,2023,0,0,0
2023-12-24,9722972.0,-3.5,1.0,-5.4,0.6,0.0,0.42,10.0,62.0,0,0,6,1,0,0,12,2023,0,0,0
2023-12-25,9215411.0,-2.7,1.9,-6.2,0.5,0.0,0.35,13.7,76.0,0,0,0,0,1,0,12,2023,0,0,0
2023-12-26,14797914.0,-0.8,6.0,-5.3,0.0,0.0,0.0,18.6,75.0,0,0,1,0,0,1,12,2023,0,0,0
2023-12-27,15300198.0,-0.9,5.5,-6.5,0.0,0.0,0.0,8.2,69.0,0,0,2,0,0,1,12,2023,0,0,0
2023-12-28,15118438.0,-0.4,4.5,-3.7,0.0,0.0,0.0,11.1,68.0,0,0,3,0,0,1,12,2023,0,0,0
2023-12-29,15224271.0,-0.1,4.5,-3.5,0.0,0.0,0.0,10.1,78.0,0,0,4,0,0,1,12,2023,0,0,0
2023-12-30,10638904.0,-0.8,1.2,-3.9,11.4,3.6,5.46,13.8,90.0,1,0,5,1,0,0,12,2023,0,0,0
2023-12-31,8448029.0,1.4,5.4,-2.4,2.2,2.1,0.07,18.1,89.0,1,0,6,1,0,0,12,2023,0,0,0
2024-01-01,6296141.0,0.7,6.7,-3.6,0.0,0.0,0.0,12.7,85.0,0,0,0,0,1,0,1,2024,0,0,0
2024-01-02,14111905.0,1.0,4.0,-1.7,0.1,0.1,0.0,12.7,83.0,0,0,1,0,0,1,1,2024,0,0,0
2024-01-03,14583245.0,-0.2,3.1,-3.7,0.1,0.0,0.07,10.4,86.0,0,0,2,0,0,1,1,2024,0,0,0
2024-01-04,14866057.0,-0.6,5.2,-5.6,0.0,0.0,0.0,17.4,78.0,0,0,3,0,0,1,1,2024,0,0,0
2024-01-05,15419961.0,2.6,8.0,-2.0,0.6,0.6,0.0,16.6,84.0,0,0,4,0,0,1,1,2024,0,0,0
2024-01-06,10918791.0,-1.9,3.5,-6.3,0.4,0.0,0.28,11.7,73.0,0,0,5,1,0,0,1,2024,0,0,0
2024-01-07,7816734.0,-5.5,-2.7,-9.0,0.0,0.0,0.0,23.3,50.0,0,0,6,1,0,0,1,2024,0,0,0
2024-01-08,14151360.0,-6.1,-1.8,-10.0,0.0,0.0,0.0,12.4,51.0,0,0,0,0,0,1,1,2024,0,0,0
2024-01-09,14847971.0,-1.2,1.0,-3.4,2.4,0.0,1.68,9.4,82.0,0,0,1,0,0,1,1,2024,0,0,0
2024-01-10,15045196.0,-2.8,3.7,-6.9,0.0,0.0,0.0,8.6,81.0,0,0,2,0,0,1,1,2024,0,0,0
2024-01-11,15024092.0,-1.4,4.8,-6.1,0.0,0.0,0.0,21.6,83.0,0,0,3,0,0,1,1,2024,0,0,0
2024-01-12,15600723.0,-2.1,3.3,-6.4,0.0,0.0,0.0,14.5,68.0,0,0,4,0,0,1,1,2024,0,0,0
2024-01-13,11331620.0,-2.9,3.2,-6.6,0.0,0.0,0.0,9.9,47.0,0,0,5,1,0,0,1,2024,0,0,0
2024-01-14,7644021.0,-2.1,3.4,-5.8,2.7,2.7,0.0,15.5,73.0,1,0,6,1,0,0,1,2024,0,0,0
2024-01-15,14389289.0,-5.0,0.6,-8.5,0.0,0.0,0.0,15.1,45.0,0,0,0,0,0,1,1,2024,0,0,0
2024-01-16,14781416.0,-3.9,2.1,-8.6,0.0,0.0,0.0,9.1,45.0,0,0,1,0,0,1,1,2024,0,0,0
2024-01-17,14883949.0,-1.6,1.1,-5.7,7.7,3.6,2.87,7.8,65.0,1,0,2,0,0,1,1,2024,0,0,0
2024-01-18,15065610.0,2.7,9.8,-0.7,1.0,1.0,0.0,21.0,81.0,1,0,3,0,0,1,1,2024,0,0,0
2024-01-19,15687255.0,3.2,7.4,0.9,0.0,0.0,0.0,21.1,70.0,0,0,4,0,0,1,1,2024,0,0,0
2024-01-20,11148586.0,1.7,4.0,0.4,2.2,0.4,1.26,22.7,69.0,0,0,5,1,0,0,1,2024,0,0,0
2024-01-21,8040062.0,0.6,2.5,-3.0,0.1,0.0,0.07,17.5,72.0,0,0,6,1,0,0,1,2024,0,0,0
2024-01-22,13997524.0,-8.6,-4.2,-12.4,0.0,0.0,0.0,22.9,50.0,0,0,0,0,0,1,1,2024,0,0,0
2024-01-23,13604028.0,-12.3,-9.0,-15.0,0.0,0.0,0.0,23.8,40.0,0,0,1,0,0,1,1,2024,0,0,0
2024-01-24,14155816.0,-8.9,-4.3,-12.0,0.0,0.0,0.0,23.0,40.0,0,0,2,0,0,1,1,2024,0,0,0
2024-01-25,14655544.0,-6.0,-0.8,-9.2,0.0,0.0,0.0,13.8,36.0,0,0,3,0,0,1,1,2024,0,0,0
2024-01-26,15451786.0,-3.6,3.1,-7.5,0.0,0.0,0.0,15.5,65.0,0,0,4,0,0,1,1,2024,0,0,0
2024-01-27,11242162.0,-2.4,4.1,-7.3,0.0,0.0,0.0,14.2,71.0,0,0,5,1,0,0,1,2024,0,0,0
2024-01-28,8188805.0,-3.1,1.5,-6.7,0.0,0.0,0.0,13.0,70.0,0,0,6,1,0,0,1,2024,0,0,0
2024-01-29,14557090.0,-2.4,3.9,-6.5,0.0,0.0,0.0,9.4,72.0,0,0,0,0,0,1,1,2024,0,0,0
2024-01-30,14896964.0,-0.6,6.3,-5.8,0.0,0.0,0.0,8.3,58.0,0,0,1,0,0,1,1,2024,0,0,0
2024-01-31,14989243.0,1.6,8.8,-3.8,0.0,0.0,0.0,12.0,57.0,0,0,2,0,0,1,1,2024,0,0,0
2024-02-01,15016888.0,0.1,5.6,-3.7,0.0,0.0,0.0,16.8,71.0,0,0,3,0,0,1,2,2024,0,0,0
2024-02-02,15578482.0,1.0,4.9,-3.2,0.0,0.0,0.0,12.3,72.0,0,0,4,0,0,1,2,2024,0,0,0
2024-02-03,10896089.0,1.4,6.8,-3.0,1.4,1.4,0.0,12.1,77.0,1,0,5,1,0,0,2,2024,0,0,0
2024-02-04,8340483.0,4.1,9.3,0.8,0.0,0.0,0.0,15.9,77.0,0,0,6,1,0,0,2,2024,0,0,0
2024-02-05,14482230.0,1.4,2.6,-0.9,7.6,2.9,3.29,24.7,78.0,1,0,0,0,0,1,2,2024,0,0,0
2024-02-06,15042629.0,0.5,3.7,-1.8,1.0,0.2,0.56,12.6,78.0,0,0,1,0,0,1,2,2024,0,0,0
2024-02-07,15030380.0,-1.4,2.9,-5.7,0.0,0.0,0.0,7.4,80.0,0,0,2,0,0,1,2,2024,0,0,0
2024-02-08,14481686.0,-1.7,3.5,-5.0,0.0,0.0,0.0,9.0,78.0,0,0,3,0,0,1,2,2024,0,0,0
2024-02-09,6398337.0,-1.2,4.3,-4.5,0.0,0.0,0.0,17.6,76.0,0,0,4,0,1,0,2,2024,0,0,0
2024-02-10,5252971.0,-0.9,6.5,-5.3,0.0,0.0,0.0,18.0,74.0,0,0,5,1,1,0,2,2024,0,0,0
2024-02-11,6976185.0,-1.7,5.1,-7.1,0.0,0.0,0.0,25.0,74.0,0,0,6,1,1,0,2,2024,0,0,0
2024-02-12,7528326.0,0.1,8.6,-6.2,0.0,0.0,0.0,12.5,68.0,0,0,0,0,1,0,2,2024,0,0,0
2024-02-13,14211000.0,5.6,13.0,-0.3,0.0,0.0,0.0,25.6,81.0,0,0,1,0,0,1,2,2024,0,0,0
2024-02-14,15369948.0,9.3,16.3,4.0,1.0,1.0,0.0,17.5,88.0,1,0,2,0,0,1,2,2024,0,0,0
2024-02-15,14865138.0,4.4,8.9,-1.6,8.6,5.4,2.24,22.2,93.0,1,0,3,0,0,1,2,2024,0,0,0
2024-02-16,16102715.0,-0.1,6.1,-4.8,0.0,0.0,0.0,10.5,76.0,0,0,4,0,0,1,2,2024,0,0,0
2024-02-17,12068367.0,1.2,8.4,-4.7,0.0,0.0,0.0,8.3,80.0,0,0,5,1,0,0,2,2024,0,0,0
2024-02-18,8506350.0,4.0,9.2,-2.8,8.5,8.5,0.0,16.0,79.0,1,0,6,1,0,0,2,2024,0,0,0
2024-02-19,14435898.0,8.8,11.9,2.1,8.6,8.6,0.0,18.9,94.0,1,0,0,0,0,1,2,2024,0,0,0
2024-02-20,15257481.0,2.8,6.7,0.3,2.0,1.9,0.07,21.6,76.0,1,0,1,0,0,1,2,2024,0,0,0
2024-02-21,14902973.0,1.7,2.7,0.1,15.3,2.1,9.24,23.5,81.0,1,0,2,0,0,1,2,2024,0,0,0
2024-02-22,15577549.0,-0.6,0.9,-2.1,5.7,0.0,3.99,20.4,77.0,0,0,3,0,0,1,2,2024,0,0,0
2024-02-23,16156808.0,0.6,5.8,-2.6,0.2,0.0,0.14,18.4,67.0,0,0,4,0,0,1,2,2024,0,0,0
2024-02-24,12080459.0,0.6,6.0,-3.7,2.1,0.8,0.91,15.0,71.0,0,0,5,1,0,0,2,2024,0,0,0
2024-02-25,8809915.0,1.7,5.6,-2.2,2.1,0.0,1.47,12.6,79.0,0,0,6,1,0,0,2,2024,0,0,0
2024-02-26,15094302.0,1.8,8.1,-3.4,0.0,0.0,0.0,11.7,70.0,0,0,0,0,0,1,2,2024,0,0,0
2024-02-27,15416313.0,2.2,8.5,-2.8,0.0,0.0,0.0,16.6,66.0,0,0,1,0,0,1,2,2024,0,0,0
2024-02-28,15608910.0,3.9,7.9,1.1,0.0,0.0,0.0,10.5,70.0,0,0,2,0,0,1,2,2024,0,0,0
2024-02-29,15893544.0,2.8,7.5,-1.9,0.1,0.1,0.0,18.7,70.0,0,0,3,0,0,1,2,2024,0,0,0
2024-03-01,10006229.0,-4.9,-1.3,-7.9,0.0,0.0,0.0,25.3,36.0,0,0,4,0,1,0,3,2024,0,0,0
2024-03-02,10291015.0,-2.0,4.4,-8.3,3.6,0.0,2.52,33.1,55.0,0,0,5,1,0,0,3,2024,0,0,0
2024-03-03,8317593.0,1.6,7.6,-4.3,0.4,0.3,0.07,22.1,79.0,0,0,6,1,0,0,3,2024,0,0,0
2024-03-04,15286644.0,2.1,9.0,-5.3,0.0,0.0,0.0,8.3,56.0,0,0,0,0,0,1,3,2024,0,0,0
2024-03-05,15631084.0,5.3,10.5,2.5,0.6,0.5,0.07,15.7,61.0,0,0,1,0,0,1,3,2024,0,0,0
2024-03-06,15937863.0,4.0,8.9,-1.3,0.0,0.0,0.0,15.4,67.0,0,0,2,0,0,1,3,2024,0,0,0
2024-03-07,16044263.0,2.6,7.1,-1.3,2.1,1.4,0.49,18.7,65.0,1,0,3,0,0,1,3,2024,0,0,0
2024-03-08,16539701.0,0.1,5.9,-4.3,0.0,0.0,0.0,24.7,55.0,0,0,4,0,0,1,3,2024,0,0,0
2024-03-09,12031537.0,-0.6,5.8,-5.6,0.0,0.0,0.0,17.1,59.0,0,0,5,1,0,0,3,2024,0,0,0
2024-03-10,8980327.0,1.7,8.3,-3.9,0.0,0.0,0.0,17.2,70.0,0,0,6,1,0,0,3,2024,0,0,0
2024-03-11,15552265.0,3.8,9.6,-1.6,0.4,0.4,0.0,12.2,69.0,0,0,0,0,0,1,3,2024,0,0,0
2024-03-12,15723419.0,4.6,10.0,-0.1,1.7,1.7,0.0,11.2,79.0,1,0,1,0,0,1,3,2024,0,0,0
2024-03-13,16177194.0,3.6,10.5,-2.4,0.0,0.0,0.0,23.2,69.0,0,0,2,0,0,1,3,2024,0,0,0
2024-03-14,16356072.0,5.0,12.9,-0.9,0.0,0.0,0.0,16.8,75.0,0,0,3,0,0,1,3,2024,0,0,0
2024-03-15,16647439.0,5.3,12.4,-0.7,0.0,0.0,0.0,21.4,81.0,0,0,4,0,0,1,3,2024,0,0,0
2024-03-16,12595597.0,7.5,15.4,-0.4,0.0,0.0,0.0,13.8,69.0,0,0,5,1,0,0,3,2024,0,0,0
2024-03-17,9254369.0,7.0,10.1,3.4,0.1,0.1,0.0,25.7,53.0,0,0,6,1,0,0,3,2024,0,0,0
2024-03-18,15726693.0,4.0,11.4,-3.2,0.0,0.0,0.0,16.3,39.0,0,0,0,0,0,1,3,2024,0,0,0
2024-03-19,15879665.0,5.3,10.3,2.1,0.7,0.7,0.0,33.6,63.0,0,0,1,0,0,1,3,2024,0,0,0
2024-03-20,16082406.0,3.2,7.7,-0.7,0.0,0.0,0.0,22.3,49.0,0,0,2,0,0,1,3,2024,0,0,0
2024-03-21,16433880.0,3.0,9.9,-2.5,0.0,0.0,0.0,15.9,59.0,0,0,3,0,0,1,3,2024,0,0,0
2024-03-22,16477538.0,7.8,15.8,0.3,16.3,16.3,0.0,31.1,65.0,1,0,4,0,0,1,3,2024,0,0,0
2024-03-23,12458521.0,10.5,16.2,7.5,1.3,1.3,0.0,15.6,77.0,1,0,5,1,0,0,3,2024,0,0,0
2024-03-24,9390142.0,11.9,19.3,5.3,0.0,0.0,0.0,12.5,60.0,0,0,6,1,0,0,3,2024,0,0,0
2024-03-25,15503622.0,8.7,12.4,5.6,2.5,2.5,0.0,25.1,73.0,1,0,0,0,0,1,3,2024,0,0,0
2024-03-26,15910549.0,6.1,12.1,1.9,12.4,12.1,0.21,18.5,80.0,1,0,1,0,0,1,3,2024,0,0,0
2024-03-27,16457409.0,7.6,14.7,1.6,0.0,0.0,0.0,12.4,82.0,0,0,2,0,0,1,3,2024,0,0,0
2024-03-28,17151609.0,8.8,12.0,6.6,3.0,3.0,0.0,12.6,88.0,1,0,3,0,0,1,3,2024,0,0,0
2024-03-29,16556440.0,7.1,13.1,2.7,5.0,4.9,0.07,30.2,82.0,1,0,4,0,0,1,3,2024,0,0,0
2024-03-30,12498037.0,6.4,14.2,0.5,1.0,0.7,0.21,19.9,73.0,0,0,5,1,0,0,3,2024,0,0,0
2024-03-31,9469476.0,7.2,14.4,0.1,0.0,0.0,0.0,9.9,58.0,0,0,6,1,0,0,3,2024,0,0,0
2024-04-01,15846277.0,8.9,16.2,3.1,0.0,0.0,0.0,16.2,49.0,0,0,0,0,0,1,4,2024,0,0,0
2024-04-02,16346506.0,11.6,21.2,2.8,0.0,0.0,0.0,10.3,59.0,0,0,1,0,0,1,4,2024,0,0,0
2024-04-03,16046777.0,12.6,16.3,9.7,0.5,0.5,0.0,12.0,70.0,0,0,2,0,0,1,4,2024,0,0,0
2024-04-04,16621008.0,12.9,18.4,9.2,0.0,0.0,0.0,15.9,57.0,0,0,3,0,0,1,4,2024,0,0,0
2024-04-05,17063705.0,11.8,16.2,6.8,0.1,0.1,0.0,17.1,62.0,0,0,4,0,0,1,4,2024,0,0,0
2024-04-06,13191238.0,9.8,16.6,4.6,0.0,0.0,0.0,17.2,65.0,0,0,5,1,0,0,4,2024,0,0,0
2024-04-07,9911205.0,11.8,20.8,4.1,0.0,0.0,0.0,16.6,48.0,0,0,6,1,0,0,4,2024,0,0,0
2024-04-08,15810827.0,13.3,20.7,6.7,0.0,0.0,0.0,9.8,54.0,0,0,0,0,0,1,4,2024,0,0,0
2024-04-09,16908376.0,12.2,17.5,8.0,0.0,0.0,0.0,23.6,42.0,0,0,1,0,0,1,4,2024,0,0,0
2024-04-10,9920709.0,11.7,17.7,6.2,0.0,0.0,0.0,18.7,64.0,0,0,2,0,1,0,4,2024,0,0,0
2024-04-11,15942680.0,12.8,19.2,8.5,0.5,0.5,0.0,13.0,74.0,0,0,3,0,0,1,4,2024,0,0,0
2024-04-12,16658814.0,14.1,22.5,6.6,0.0,0.0,0.0,15.5,72.0,0,0,4,0,0,1,4,2024,0,0,0
2024-04-13,12469043.0,16.1,26.4,8.6,0.0,0.0,0.0,16.7,66.0,0,0,5,1,0,0,4,2024,0,0,0
2024-04-14,9154842.0,18.0,28.1,9.2,0.0,0.0,0.0,15.0,58.0,0,0,6,1,0,0,4,2024,0,0,0
2024-04-15,14961344.0,14.9,17.7,10.2,19.1,19.1,0.0,22.7,77.0,1,0,0,0,0,1,4,2024,0,0,0
2024-04-16,15993194.0,11.6,15.7,7.3,0.8,0.8,0.0,19.0,86.0,0,0,1,0,0,1,4,2024,0,0,0
2024-04-17,16211375.0,11.9,20.9,6.8,0.0,0.0,0.0,16.8,78.0,0,0,2,0,0,1,4,2024,0,0,0
2024-04-18,16242098.0,14.7,23.5,8.4,0.0,0.0,0.0,18.1,66.0,0,0,3,0,0,1,4,2024,0,0,0
2024-04-19,16638869.0,14.4,21.4,7.1,0.0,0.0,0.0,15.0,65.0,0,0,4,0,0,1,4,2024,0,0,0
2024-04-20,11246379.0,13.1,15.2,11.9,5.7,5.7,0.0,20.9,82.0,1,0,5,1,0,0,4,2024,0,0,0
2024-04-21,8721923.0,15.8,20.6,12.2,0.1,0.1,0.0,22.6,67.0,0,0,6,1,0,0,4,2024,0,0,0
2024-04-22,15515190.0,16.9,23.4,13.3,0.0,0.0,0.0,20.0,56.0,0,0,0,0,0,1,4,2024,0,0,0
2024-04-23,15954619.0,15.5,22.2,10.3,1.2,1.2,0.0,24.5,62.0,1,0,1,0,0,1,4,2024,0,0,0
2024-04-24,15749646.0,12.8,17.4,9.5,12.1,12.1,0.0,14.7,78.0,1,0,2,0,0,1,4,2024,0,0,0
2024-04-25,16383935.0,12.7,19.8,9.5,0.0,0.0,0.0,13.5,79.0,0,0,3,0,0,1,4,2024,0,0,0
2024-04-26,16980787.0,15.1,23.8,8.6,0.0,0.0,0.0,14.2,72.0,0,0,4,0,0,1,4,2024,0,0,0
2024-04-27,13041785.0,15.5,24.4,9.2,0.0,0.0,0.0,17.6,72.0,0,0,5,1,0,0,4,2024,0,0,0
2024-04-28,9695375.0,17.5,26.7,10.3,0.0,0.0,0.0,11.8,65.0,0,0,6,1,0,0,4,2024,0,0,0
2024-04-29,15982108.0,18.0,23.6,13.6,0.0,0.0,0.0,19.1,54.0,0,0,0,0,0,1,4,2024,0,0,0
2024-04-30,16794220.0,16.0,22.2,11.4,0.0,0.0,0.0,18.9,71.0,0,0,1,0,0,1,4,2024,0,0,0
2024-05-01,11868225.0,16.3,22.0,12.3,0.2,0.2,0.0,15.3,49.0,0,0,2,0,0,1,5,2024,0,0,0
2024-05-02,16626135.0,16.1,22.9,9.5,0.0,0.0,0.0,18.3,58.0,0,0,3,0,0,1,5,2024,0,0,0
2024-05-03,17278218.0,17.4,27.8,9.7,0.0,0.0,0.0,16.8,57.0,0,0,4,0,0,1,5,2024,0,0,0
2024-05-04,12625390.0,19.1,27.1,12.0,0.0,0.0,0.0,21.0,52.0,0,0,5,1,0,0,5,2024,0,0,0
2024-05-05,7856052.0,17.2,18.9,14.8,66.8,66.8,0.0,22.0,84.0,1,1,6,1,1,0,5,2024,0,0,0
2024-05-06,8156234.0,13.7,14.6,12.9,6.2,6.2,0.0,21.5,91.0,1,0,0,0,1,0,5,2024,0,0,0
2024-05-07,15757582.0,13.1,15.2,11.7,1.9,1.9,0.0,22.4,78.0,1,0,1,0,0,1,5,2024,0,0,0
2024-05-08,16288810.0,13.3,19.5,7.5,0.2,0.2,0.0,12.7,65.0,0,0,2,0,0,1,5,2024,0,0,0
2024-05-09,16568359.0,14.0,19.5,8.1,0.0,0.0,0.0,21.4,71.0,0,0,3,0,0,1,5,2024,0,0,0
2024-05-10,17275089.0,15.1,21.7,8.8,0.0,0.0,0.0,19.1,69.0,0,0,4,0,0,1,5,2024,0,0,0
2024-05-11,11841770.0,15.8,21.6,11.5,16.2,16.2,0.0,35.7,83.0,1,0,5,1,0,0,5,2024,0,0,0
2024-05-12,9712934.0,15.2,21.2,10.2,0.0,0.0,0.0,18.7,72.0,0,0,6,1,0,0,5,2024,0,0,0
2024-05-13,15991667.0,16.0,22.4,10.2,0.0,0.0,0.0,18.1,64.0,0,0,0,0,0,1,5,2024,0,0,0
2024-05-14,17087076.0,16.1,21.9,9.7,0.0,0.0,0.0,16.4,64.0,0,0,1,0,0,1,5,2024,0,0,0
2024-05-15,9284396.0,12.3,18.1,6.6,22.7,22.7,0.0,22.0,78.0,1,0,2,0,1,0,5,2024,0,0,0
2024-05-16,16434671.0,11.6,18.1,6.0,3.4,3.4,0.0,19.1,74.0,1,0,3,0,0,1,5,2024,0,0,0
2024-05-17,16960710.0,15.0,22.1,7.0,0.0,0.0,0.0,15.5,78.0,0,0,4,0,0,1,5,2024,0,0,0
2024-05-18,12862345.0,17.5,24.0,11.3,0.0,0.0,0.0,15.3,78.0,0,0,5,1,0,0,5,2024,0,0,0
2024-05-19,9592286.0,18.1,25.3,11.8,0.0,0.0,0.0,14.7,76.0,0,0,6,1,0,0,5,2024,0,0,0
2024-05-20,15687044.0,17.5,20.9,14.2,2.1,2.1,0.0,17.6,86.0,1,0,0,0,0,1,5,2024,0,0,0
2024-05-21,16265554.0,18.9,25.5,13.8,0.0,0.0,0.0,10.4,79.0,0,0,1,0,0,1,5,2024,0,0,0
2024-05-22,16355786.0,17.8,23.2,14.0,0.0,0.0,0.0,15.0,82.0,0,0,2,0,0,1,5,2024,0,0,0
2024-05-23,16467522.0,17.6,24.0,13.3,0.0,0.0,0.0,18.1,80.0,0,0,3,0,0,1,5,2024,0,0,0
2024-05-24,16946196.0,18.8,24.8,14.0,0.0,0.0,0.0,9.2,80.0,0,0,4,0,0,1,5,2024,0,0,0
2024-05-25,13123930.0,19.9,24.8,17.7,0.0,0.0,0.0,16.1,69.0,0,0,5,1,0,0,5,2024,0,0,0
2024-05-26,8881018.0,18.5,22.5,15.3,7.1,7.1,0.0,21.2,78.0,1,0,6,1,0,0,5,2024,0,0,0
2024-05-27,15825389.0,17.6,22.9,12.6,0.0,0.0,0.0,25.2,67.0,0,0,0,0,0,1,5,2024,0,0,0
2024-05-28,16193549.0,17.8,23.8,11.7,0.0,0.0,0.0,18.7,64.0,0,0,1,0,0,1,5,2024,0,0,0
2024-05-29,16317230.0,18.8,25.5,12.9,0.0,0.0,0.0,17.9,65.0,0,0,2,0,0,1,5,2024,0,0,0
2024-05-30,16227892.0,18.7,23.1,14.0,0.0,0.0,0.0,7.6,64.0,0,0,3,0,0,1,5,2024,0,0,0
2024-05-31,16744730.0,18.7,23.4,13.5,0.3,0.3,0.0,21.2,69.0,0,0,4,0,0,1,5,2024,0,0,0
2024-06-01,12527669.0,19.7,25.8,15.1,1.7,1.7,0.0,18.7,63.0,1,0,5,1,0,0,6,2024,0,0,0
2024-06-02,9035995.0,19.0,26.0,12.3,0.0,0.0,0.0,20.2,58.0,0,0,6,1,0,0,6,2024,0,0,0
2024-06-03,15643991.0,20.6,27.3,13.8,0.0,0.0,0.0,17.7,52.0,0,0,0,0,0,1,6,2024,0,0,0
2024-06-04,16098660.0,21.2,29.3,13.8,0.0,0.0,0.0,21.4,48.0,0,0,1,0,0,1,6,2024,0,0,0
2024-06-05,16651997.0,22.4,29.7,16.0,0.0,0.0,0.0,17.7,52.0,0,0,2,0,0,1,6,2024,0,0,0
2024-06-06,9864857.0,22.5,29.5,17.1,0.2,0.2,0.0,14.5,59.0,0,0,3,0,1,0,6,2024,0,0,0
2024-06-07,15209740.0,21.0,27.2,15.2,0.0,0.0,0.0,16.1,64.0,0,0,4,0,0,1,6,2024,0,0,0
2024-06-08,10643784.0,19.4,23.7,16.7,15.8,15.8,0.0,14.5,81.0,1,0,5,1,0,0,6,2024,0,0,0
2024-06-09,8746409.0,20.8,27.3,15.3,0.0,0.0,0.0,17.0,75.0,0,0,6,1,0,0,6,2024,0,0,0
2024-06-10,15462843.0,22.4,29.5,16.0,0.0,0.0,0.0,20.1,74.0,0,0,0,0,0,1,6,2024,0,0,0
2024-06-11,15930902.0,23.0,30.4,18.5,0.0,0.0,0.0,20.8,73.0,0,0,1,0,0,1,6,2024,0,0,0
2024-06-12,15966073.0,23.2,30.6,15.7,0.0,0.0,0.0,19.1,64.0,0,0,2,0,0,1,6,2024,0,0,0
2024-06-13,16130387.0,24.6,31.8,18.2,0.0,0.0,0.0,16.7,59.0,0,0,3,0,0,1,6,2024,0,0,0
2024-06-14,16475155.0,24.9,32.9,18.1,0.0,0.0,0.0,21.0,61.0,0,0,4,0,0,1,6,2024,0,0,0
2024-06-15,11740715.0,22.7,27.7,20.2,7.2,7.2,0.0,18.5,79.0,1,0,5,1,0,0,6,2024,0,0,0
2024-06-16,8871565.0,22.3,28.6,16.8,0.1,0.1,0.0,20.8,69.0,0,0,6,1,0,0,6,2024,0,0,0
2024-06-17,15357975.0,22.3,28.8,16.6,0.0,0.0,0.0,19.5,62.0,0,0,0,0,0,1,6,2024,0,0,0
2024-06-18,15690095.0,23.5,31.2,17.4,0.0,0.0,0.0,18.6,67.0,0,0,1,0,0,1,6,2024,0,0,0
2024-06-19,15765486.0,26.2,34.7,18.0,0.0,0.0,0.0,13.0,62.0,0,0,2,0,0,1,6,2024,0,0,0
2024-06-20,15871113.0,27.2,35.6,20.0,0.0,0.0,0.0,19.8,51.0,0,0,3,0,0,1,6,2024,0,0,0
2024-06-21,16320135.0,26.4,32.6,21.3,0.0,0.0,0.0,18.2,55.0,0,0,4,0,0,1,6,2024,0,0,0
2024-06-22,11181105.0,23.3,24.7,22.6,26.3,26.3,0.0,12.1,83.0,1,0,5,1,0,0,6,2024,0,0,0
2024-06-23,8724736.0,24.0,28.6,20.7,7.2,7.2,0.0,21.9,83.0,1,0,6,1,0,0,6,2024,0,0,0
2024-06-24,15171895.0,22.6,26.6,19.6,11.1,11.1,0.0,21.5,79.0,1,0,0,0,0,1,6,2024,0,0,0
2024-06-25,15698795.0,20.9,24.9,16.2,1.0,1.0,0.0,22.9,72.0,1,0,1,0,0,1,6,2024,0,0,0
2024-06-26,15828156.0,22.2,29.0,16.5,0.3,0.3,0.0,17.8,74.0,0,0,2,0,0,1,6,2024,0,0,0
2024-06-27,15807383.0,24.5,30.1,18.9,0.0,0.0,0.0,7.0,64.0,0,0,3,0,0,1,6,2024,0,0,0
2024-06-28,16387428.0,24.5,30.8,19.3,0.0,0.0,0.0,14.8,58.0,0,0,4,0,0,1,6,2024,0,0,0
2024-06-29,11555034.0,25.4,32.7,19.4,34.5,34.5,0.0,20.6,67.0,1,1,5,1,0,0,6,2024,0,0,0
2024-06-30,7800552.0,22.9,24.8,20.9,4.5,4.5,0.0,30.8,90.0,1,0,6,1,0,0,6,2024,0,0,0
2024-07-01,15025891.0,24.1,29.8,20.3,0.0,0.0,0.0,16.0,79.0,0,0,0,0,0,1,7,2024,0,0,0
2024-07-02,14205147.0,23.1,24.2,21.8,57.7,57.7,0.0,22.0,88.0,1,1,1,0,0,1,7,2024,0,0,0
2024-07-03,15470473.0,24.1,26.5,22.6,5.5,5.5,0.0,26.9,85.0,1,0,2,0,0,1,7,2024,0,0,0
2024-07-04,15636537.0,24.9,28.8,21.1,4.1,4.1,0.0,25.7,83.0,1,0,3,0,0,1,7,2024,0,0,0
2024-07-05,16109500.0,23.1,24.8,21.1,1.9,1.9,0.0,31.4,85.0,1,0,4,0,0,1,7,2024,0,0,0
2024-07-06,10999692.0,24.3,29.8,20.9,25.1,25.1,0.0,33.4,88.0,1,0,5,1,0,0,7,2024,0,0,0
2024-07-07,8513251.0,23.4,27.3,19.3,18.1,18.1,0.0,17.6,88.0,1,0,6,1,0,0,7,2024,0,0,0
2024-07-08,14291160.0,23.1,25.3,21.9,37.7,37.7,0.0,14.2,95.0,1,1,0,0,0,1,7,2024,0,0,0
2024-07-09,15144902.0,23.2,26.4,20.5,8.3,8.3,0.0,20.5,90.0,1,0,1,0,0,1,7,2024,0,0,0
2024-07-10,15480505.0,25.5,30.1,22.1,15.1,15.1,0.0,17.7,79.0,1,0,2,0,0,1,7,2024,0,0,0
2024-07-11,15603328.0,23.6,27.1,21.2,0.4,0.4,0.0,13.9,89.0,0,0,3,0,0,1,7,2024,0,0,0
2024-07-12,16138133.0,24.4,30.1,20.7,0.6,0.6,0.0,10.9,86.0,0,0,4,0,0,1,7,2024,0,0,0
2024-07-13,11854540.0,25.8,31.1,21.8,5.6,5.6,0.0,11.8,83.0,1,0,5,1,0,0,7,2024,0,0,0
2024-07-14,8803774.0,25.9,30.5,22.3,1.4,1.4,0.0,16.2,79.0,1,0,6,1,0,0,7,2024,0,0,0
2024-07-15,14988963.0,26.4,30.8,22.0,0.3,0.3,0.0,13.7,76.0,0,0,0,0,0,1,7,2024,0,0,0
2024-07-16,15057344.0,25.5,29.8,23.2,17.8,17.8,0.0,15.1,84.0,1,0,1,0,0,1,7,2024,0,0,0
2024-07-17,14517044.0,24.7,26.9,22.3,89.6,89.6,0.0,22.4,92.0,1,1,2,0,0,1,7,2024,0,0,0
2024-07-18,14016225.0,24.4,25.4,23.3,60.6,60.6,0.0,24.1,94.0,1,1,3,0,0,1,7,2024,0,0,0
2024-07-19,16135194.0,25.2,29.0,23.1,1.2,1.2,0.0,17.7,89.0,1,0,4,0,0,1,7,2024,0,0,0
2024-07-20,10907852.0,25.3,29.6,22.4,25.8,25.8,0.0,25.7,89.0,1,0,5,1,0,0,7,2024,0,0,0
2024-07-21,8265640.0,25.5,29.0,22.7,7.4,7.4,0.0,37.1,86.0,1,0,6,1,0,0,7,2024,0,0,0
2024-07-22,14355186.0,26.1,27.6,24.6,41.4,41.4,0.0,37.5,92.0,1,1,0,0,0,1,7,2024,0,0,0
2024-07-23,14809199.0,24.9,26.5,23.7,26.2,26.2,0.0,34.2,94.0,1,0,1,0,0,1,7,2024,0,0,0
2024-07-24,15264407.0,25.9,30.5,23.7,3.4,3.4,0.0,19.6,90.0,1,0,2,0,0,1,7,2024,0,0,0
2024-07-25,15334871.0,27.2,31.9,23.1,5.5,5.5,0.0,11.7,86.0,1,0,3,0,0,1,7,2024,0,0,0
2024-07-26,15369076.0,27.4,32.8,24.8,18.0,18.0,0.0,20.8,87.0,1,0,4,0,0,1,7,2024,0,0,0
2024-07-27,10516427.0,27.0,30.0,25.2,39.4,39.4,0.0,15.5,90.0,1,1,5,1,0,0,7,2024,0,0,0
2024-07-28,8197898.0,28.0,31.0,25.9,0.4,0.4,0.0,27.7,82.0,0,0,6,1,0,0,7,2024,0,0,0
2024-07-29,14118844.0,26.6,28.3,25.3,2.1,2.1,0.0,28.9,88.0,1,0,0,0,0,1,7,2024,0,0,0
2024-07-30,14640301.0,26.8,30.3,24.7,0.9,0.9,0.0,18.5,88.0,0,0,1,0,0,1,7,2024,0,0,0
2024-07-31,14808876.0,27.4,31.3,24.7,0.7,0.7,0.0,15.8,86.0,0,0,2,0,0,1,7,2024,0,0,0
2024-08-01,14321752.0,28.1,31.9,25.0,1.0,1.0,0.0,16.5,85.0,1,0,3,0,0,1,8,2024,0,0,0
2024-08-02,14377161.0,27.4,30.1,25.3,11.1,11.1,0.0,18.1,90.0,1,0,4,0,0,1,8,2024,0,0,0
2024-08-03,10154874.0,27.8,31.9,24.3,5.6,5.6,0.0,14.1,85.0,1,0,5,1,0,0,8,2024,0,0,0
2024-08-04,7641372.0,28.9,33.4,24.1,0.0,0.0,0.0,7.2,82.0,0,0,6,1,0,0,8,2024,0,0,0
2024-08-05,13645989.0,28.1,31.5,25.7,15.7,15.7,0.0,11.1,86.0,1,0,0,0,0,1,8,2024,0,0,0
2024-08-06,14119811.0,27.7,31.0,24.9,3.2,3.2,0.0,10.1,85.0,1,0,1,0,0,1,8,2024,0,0,0
2024-08-07,14292339.0,27.2,30.9,24.4,2.2,2.2,0.0,11.9,85.0,1,0,2,0,0,1,8,2024,0,0,0
2024-08-08,14466895.0,26.4,29.4,23.2,6.5,6.5,0.0,11.2,88.0,1,0,3,0,0,1,8,2024,0,0,0
2024-08-09,14880231.0,27.2,31.9,24.2,0.0,0.0,0.0,12.4,84.0,0,0,4,0,0,1,8,2024,0,0,0
2024-08-10,10549505.0,27.8,32.1,24.2,0.0,0.0,0.0,9.2,84.0,0,0,5,1,0,0,8,2024,0,0,0
2024-08-11,7942133.0,28.5,32.7,25.0,0.4,0.4,0.0,11.1,81.0,0,0,6,1,0,0,8,2024,0,0,0
2024-08-12,14270160.0,29.0,32.3,25.9,0.4,0.4,0.0,6.8,81.0,0,0,0,0,0,1,8,2024,0,0,0
2024-08-13,14630279.0,28.8,33.6,25.4,0.6,0.6,0.0,10.7,82.0,0,0,1,0,0,1,8,2024,0,0,0
2024-08-14,15019302.0,28.4,32.7,25.3,0.1,0.1,0.0,11.7,85.0,0,0,2,0,0,1,8,2024,0,0,0
2024-08-15,8626846.0,28.0,32.3,25.6,8.4,8.4,0.0,8.9,82.0,1,0,3,0,1,0,8,2024,0,0,0
2024-08-16,13666152.0,28.2,31.8,24.9,0.1,0.1,0.0,7.7,80.0,0,0,4,0,0,1,8,2024,0,0,0
2024-08-17,10024116.0,28.1,32.4,25.3,2.1,2.1,0.0,10.6,80.0,1,0,5,1,0,0,8,2024,0,0,0
2024-08-18,7791977.0,27.1,32.3,24.2,21.2,21.2,0.0,11.5,86.0,1,0,6,1,0,0,8,2024,0,0,0
2024-08-19,14176136.0,27.8,32.6,24.8,6.9,6.9,0.0,11.3,85.0,1,0,0,0,0,1,8,2024,0,0,0
2024-08-20,14545749.0,28.8,34.0,25.6,10.1,10.1,0.0,11.9,81.0,1,0,1,0,0,1,8,2024,0,0,0
2024-08-21,14137648.0,26.4,28.7,25.3,71.5,71.5,0.0,28.3,93.0,1,1,2,0,0,1,8,2024,0,0,0
2024-08-22,14619366.0,27.4,30.9,25.0,5.9,5.9,0.0,27.0,86.0,1,0,3,0,0,1,8,2024,0,0,0
2024-08-23,15580365.0,26.3,29.5,24.2,4.3,4.3,0.0,17.8,86.0,1,0,4,0,0,1,8,2024,0,0,0
2024-08-24,11228790.0,25.8,29.5,22.5,0.8,0.8,0.0,11.1,89.0,0,0,5,1,0,0,8,2024,0,0,0
2024-08-25,8331686.0,26.8,30.6,24.2,0.7,0.7,0.0,7.9,88.0,0,0,6,1,0,0,8,2024,0,0,0
2024-08-26,14616595.0,26.4,29.3,23.4,0.8,0.8,0.0,9.3,87.0,0,0,0,0,0,1,8,2024,0,0,0
2024-08-27,15048335.0,24.2,26.6,22.1,2.0,2.0,0.0,12.3,77.0,1,0,1,0,0,1,8,2024,0,0,0
2024-08-28,15292151.0,26.1,31.4,20.9,0.0,0.0,0.0,18.3,72.0,0,0,2,0,0,1,8,2024,0,0,0
2024-08-29,15284674.0,26.0,30.8,20.9,0.0,0.0,0.0,16.3,74.0,0,0,3,0,0,1,8,2024,0,0,0
2024-08-30,15786816.0,26.0,31.2,21.2,0.0,0.0,0.0,13.0,77.0,0,0,4,0,0,1,8,2024,0,0,0
2024-08-31,11426087.0,24.7,29.9,19.4,0.0,0.0,0.0,8.4,81.0,0,0,5,1,0,0,8,2024,0,0,0
2024-09-01,8525441.0,24.5,28.3,20.8,0.0,0.0,0.0,13.5,80.0,0,0,6,1,0,0,9,2024,0,0,0
2024-09-02,15191007.0,22.7,25.5,20.4,27.0,27.0,0.0,18.7,81.0,1,0,0,0,0,1,9,2024,0,0,0
2024-09-03,15718390.0,24.2,29.3,20.5,0.0,0.0,0.0,14.3,68.0,0,0,1,0,0,1,9,2024,0,0,0
2024-09-04,15910308.0,24.6,29.9,19.9,0.0,0.0,0.0,12.4,75.0,0,0,2,0,0,1,9,2024,0,0,0
2024-09-05,15862506.0,24.8,27.5,22.6,2.0,2.0,0.0,25.1,84.0,1,0,3,0,0,1,9,2024,0,0,0
2024-09-06,16292255.0,23.7,25.9,21.5,1.7,1.7,0.0,18.8,81.0,1,0,4,0,0,1,9,2024,0,0,0
2024-09-07,12184785.0,24.3,29.1,21.1,1.7,1.7,0.0,11.0,81.0,1,0,5,1,0,0,9,2024,0,0,0
2024-09-08,8814194.0,24.6,29.9,20.1,0.0,0.0,0.0,9.4,80.0,0,0,6,1,0,0,9,2024,0,0,0
2024-09-09,15522649.0,26.4,31.2,22.3,0.0,0.0,0.0,8.8,79.0,0,0,0,0,0,1,9,2024,0,0,0
2024-09-10,15924632.0,27.0,31.4,23.4,0.4,0.4,0.0,11.5,80.0,0,0,1,0,0,1,9,2024,0,0,0
2024-09-11,15771414.0,26.9,32.7,22.7,8.3,8.3,0.0,17.8,81.0,1,0,2,0,0,1,9,2024,0,0,0
2024-09-12,15499249.0,24.7,25.3,24.0,28.4,28.4,0.0,10.2,93.0,1,0,3,0,0,1,9,2024,0,0,0
2024-09-13,15859778.0,24.9,27.6,23.4,17.2,17.2,0.0,11.4,94.0,1,0,4,0,0,1,9,2024,0,0,0
2024-09-14,9884285.0,25.8,29.3,23.5,1.6,1.6,0.0,12.6,90.0,1,0,5,1,0,0,9,2024,0,0,0
2024-09-15,7680117.0,25.3,29.8,22.2,0.6,0.6,0.0,21.3,82.0,0,0,6,1,0,0,9,2024,0,0,0
2024-09-16,6216465.0,25.4,31.0,20.5,0.7,0.7,0.0,15.5,78.0,0,0,0,0,1,0,9,2024,0,0,0
2024-09-17,5699864.0,27.2,30.8,24.7,5.6,5.6,0.0,11.7,85.0,1,0,1,0,1,0,9,2024,0,0,0
2024-09-18,7016661.0,26.6,29.7,23.7,10.9,10.9,0.0,11.0,88.0,1,0,2,0,1,0,9,2024,0,0,0
2024-09-19,14389887.0,26.4,29.4,24.5,1.5,1.5,0.0,7.8,90.0,1,0,3,0,0,1,9,2024,0,0,0
2024-09-20,14853680.0,24.2,26.9,16.9,69.6,69.6,0.0,24.4,93.0,1,1,4,0,0,1,9,2024,0,0,0
2024-09-21,10928212.0,19.0,21.7,17.1,28.3,28.3,0.0,26.4,79.0,1,0,5,1,0,0,9,2024,0,0,0
2024-09-22,8978062.0,19.9,23.6,17.3,0.3,0.3,0.0,16.7,71.0,0,0,6,1,0,0,9,2024,0,0,0
2024-09-23,15771758.0,18.8,23.7,14.8,0.0,0.0,0.0,14.7,66.0,0,0,0,0,0,1,9,2024,0,0,0
2024-09-24,16162445.0,18.2,23.5,13.7,0.0,0.0,0.0,10.1,71.0,0,0,1,0,0,1,9,2024,0,0,0
2024-09-25,16195874.0,20.7,25.9,16.1,0.5,0.5,0.0,10.3,77.0,0,0,2,0,0,1,9,2024,0,0,0
2024-09-26,16178899.0,21.3,26.0,18.6,3.4,3.4,0.0,12.5,85.0,1,0,3,0,0,1,9,2024,0,0,0
2024-09-27,16869664.0,21.0,26.0,16.4,0.3,0.3,0.0,14.2,80.0,0,0,4,0,0,1,9,2024,0,0,0
2024-09-28,12777476.0,21.3,26.0,17.8,0.0,0.0,0.0,17.5,69.0,0,0,5,1,0,0,9,2024,0,0,0
2024-09-29,9278834.0,21.4,26.5,17.8,0.0,0.0,0.0,13.2,71.0,0,0,6,1,0,0,9,2024,0,0,0
2024-09-30,15941048.0,20.3,25.4,15.8,0.0,0.0,0.0,9.3,78.0,0,0,0,0,0,1,9,2024,0,0,0
2024-10-01,10012013.0,17.2,20.2,12.2,5.8,5.8,0.0,19.8,80.0,1,0,1,0,1,0,10,2024,0,0,0
2024-10-02,16248260.0,12.9,17.9,9.6,0.0,0.0,0.0,13.3,61.0,0,0,2,0,0,1,10,2024,0,0,0
2024-10-03,10167337.0,13.6,20.1,7.8,0.0,0.0,0.0,13.7,67.0,0,0,3,0,1,0,10,2024,0,0,0
2024-10-04,15671256.0,14.4,20.9,8.5,0.0,0.0,0.0,10.8,73.0,0,0,4,0,0,1,10,2024,0,0,0
2024-10-05,13068558.0,14.4,21.1,8.7,0.0,0.0,0.0,9.5,72.0,0,0,5,1,0,0,10,2024,0,0,0
2024-10-06,8761517.0,13.3,16.7,9.0,0.1,0.1,0.0,9.0,80.0,0,0,6,1,0,0,10,2024,0,0,0
2024-10-07,15602689.0,15.5,19.8,12.2,0.0,0.0,0.0,10.5,80.0,0,0,0,0,0,1,10,2024,0,0,0
2024-10-08,16471087.0,15.5,20.5,9.9,0.5,0.5,0.0,9.8,83.0,0,0,1,0,0,1,10,2024,0,0,0
2024-10-09,9972694.0,16.5,21.9,11.8,0.0,0.0,0.0,10.9,75.0,0,0,2,0,1,0,10,2024,0,0,0
2024-10-10,16033241.0,16.5,21.0,12.7,0.3,0.3,0.0,8.1,80.0,0,0,3,0,0,1,10,2024,0,0,0
2024-10-11,16774374.0,15.8,21.6,11.1,0.0,0.0,0.0,8.9,80.0,0,0,4,0,0,1,10,2024,0,0,0
2024-10-12,12563482.0,15.1,20.8,9.8,0.0,0.0,0.0,8.9,77.0,0,0,5,1,0,0,10,2024,0,0,0
2024-10-13,9384649.0,15.8,22.3,10.0,0.0,0.0,0.0,10.3,78.0,0,0,6,1,0,0,10,2024,0,0,0
2024-10-14,15576744.0,17.7,21.1,15.2,0.2,0.2,0.0,10.7,76.0,0,0,0,0,0,1,10,2024,0,0,0
2024-10-15,15791412.0,17.4,21.5,14.6,2.3,2.3,0.0,8.7,88.0,1,0,1,0,0,1,10,2024,0,0,0
2024-10-16,16051593.0,15.6,21.2,12.6,0.0,0.0,0.0,9.0,85.0,0,0,2,0,0,1,10,2024,0,0,0
2024-10-17,16158551.0,16.5,23.2,10.3,0.0,0.0,0.0,8.8,78.0,0,0,3,0,0,1,10,2024,0,0,0
2024-10-18,15760532.0,16.1,18.5,15.2,41.1,41.1,0.0,16.3,88.0,1,1,4,0,0,1,10,2024,0,0,0
2024-10-19,12351857.0,15.7,20.5,11.5,9.5,9.5,0.0,23.4,76.0,1,0,5,1,0,0,10,2024,0,0,0
2024-10-20,9516090.0,12.1,16.8,9.0,0.0,0.0,0.0,21.2,59.0,0,0,6,1,0,0,10,2024,0,0,0
2024-10-21,15529117.0,12.4,17.2,7.7,0.8,0.8,0.0,13.7,76.0,0,0,0,0,0,1,10,2024,0,0,0
2024-10-22,15304368.0,14.9,16.6,12.9,13.7,13.7,0.0,17.2,91.0,1,0,1,0,0,1,10,2024,0,0,0
2024-10-23,16009810.0,11.9,15.0,7.2,0.8,0.8,0.0,28.2,74.0,0,0,2,0,0,1,10,2024,0,0,0
2024-10-24,16211666.0,10.6,16.5,4.6,0.0,0.0,0.0,11.4,77.0,0,0,3,0,0,1,10,2024,0,0,0
2024-10-25,16818570.0,11.9,19.4,6.1,0.0,0.0,0.0,10.3,78.0,0,0,4,0,0,1,10,2024,0,0,0
2024-10-26,12884881.0,14.7,21.5,9.5,0.0,0.0,0.0,9.4,79.0,0,0,5,1,0,0,10,2024,0,0,0
2024-10-27,9912757.0,14.5,17.8,11.8,0.1,0.1,0.0,8.5,85.0,0,0,6,1,0,0,10,2024,0,0,0
2024-10-28,15655331.0,14.0,19.1,9.4,0.1,0.1,0.0,18.5,81.0,0,0,0,0,0,1,10,2024,0,0,0
2024-10-29,16041562.0,13.1,16.9,9.1,0.2,0.2,0.0,10.7,76.0,0,0,1,0,0,1,10,2024,0,0,0
2024-10-30,16235042.0,13.3,18.3,8.8,0.0,0.0,0.0,10.4,81.0,0,0,2,0,0,1,10,2024,0,0,0
2024-10-31,16336962.0,12.7,19.5,7.7,0.0,0.0,0.0,11.4,79.0,0,0,3,0,0,1,10,2024,0,0,0
2024-11-01,16651739.0,12.6,17.2,8.9,0.0,0.0,0.0,8.9,83.0,0,0,4,0,0,1,11,2024,0,0,0
2024-11-02,13046296.0,15.6,22.6,10.2,0.0,0.0,0.0,11.7,72.0,0,0,5,1,0,0,11,2024,0,0,0
2024-11-03,9879440.0,14.6,20.9,9.3,1.1,1.1,0.0,15.9,85.0,1,0,6,1,0,0,11,2024,0,0,0
2024-11-04,15668092.0,13.3,16.9,7.8,1.1,1.1,0.0,21.9,74.0,1,0,0,0,0,1,11,2024,0,0,0
2024-11-05,16023494.0,8.1,12.9,4.9,0.0,0.0,0.0,19.4,57.0,0,0,1,0,0,1,11,2024,0,0,0
2024-11-06,16050133.0,5.3,9.8,1.7,0.0,0.0,0.0,13.4,60.0,0,0,2,0,0,1,11,2024,0,0,0
2024-11-07,16041914.0,5.0,11.6,-0.3,0.0,0.0,0.0,11.1,63.0,0,0,3,0,0,1,11,2024,0,0,0
2024-11-08,16616629.0,6.5,14.6,-0.5,0.0,0.0,0.0,12.3,68.0,0,0,4,0,0,1,11,2024,0,0,0
2024-11-09,12977412.0,9.7,17.2,4.2,0.0,0.0,0.0,10.6,73.0,0,0,5,1,0,0,11,2024,0,0,0
2024-11-10,9418884.0,10.9,17.3,7.5,0.0,0.0,0.0,11.1,79.0,0,0,6,1,0,0,11,2024,0,0,0
2024-11-11,15619266.0,12.0,17.7,8.5,0.0,0.0,0.0,8.2,76.0,0,0,0,0,0,1,11,2024,0,0,0
2024-11-12,15962736.0,11.3,16.6,6.9,0.0,0.0,0.0,10.9,77.0,0,0,1,0,0,1,11,2024,0,0,0
2024-11-13,16172669.0,11.7,18.2,6.5,0.0,0.0,0.0,7.5,73.0,0,0,2,0,0,1,11,2024,0,0,0
2024-11-14,15809735.0,12.6,15.4,9.9,0.2,0.2,0.0,7.6,82.0,0,0,3,0,0,1,11,2024,0,0,0
2024-11-15,16487510.0,14.1,18.4,11.4,0.0,0.0,0.0,7.9,82.0,0,0,4,0,0,1,11,2024,0,0,0
2024-11-16,12511116.0,15.4,20.2,12.7,5.7,5.7,0.0,13.8,82.0,1,0,5,1,0,0,11,2024,0,0,0
2024-11-17,9301890.0,6.8,13.1,2.4,0.1,0.1,0.0,17.8,50.0,0,0,6,1,0,0,11,2024,0,0,0
2024-11-18,15245336.0,1.7,5.5,-1.4,0.0,0.0,0.0,16.9,37.0,0,0,0,0,0,1,11,2024,0,0,0
2024-11-19,15652346.0,2.4,6.9,-0.9,0.0,0.0,0.0,5.8,63.0,0,0,1,0,0,1,11,2024,0,0,0
2024-11-20,15838418.0,4.8,9.4,0.9,0.0,0.0,0.0,6.6,78.0,0,0,2,0,0,1,11,2024,0,0,0
2024-11-21,15882297.0,7.4,12.9,3.5,1.1,1.1,0.0,15.3,81.0,1,0,3,0,0,1,11,2024,0,0,0
2024-11-22,16432541.0,5.2,9.1,1.8,0.0,0.0,0.0,12.4,55.0,0,0,4,0,0,1,11,2024,0,0,0
2024-11-23,12463339.0,4.2,9.8,-0.5,0.0,0.0,0.0,6.5,54.0,0,0,5,1,0,0,11,2024,0,0,0
2024-11-24,9300330.0,5.4,10.9,1.0,0.0,0.0,0.0,6.3,66.0,0,0,6,1,0,0,11,2024,0,0,0
2024-11-25,15600012.0,8.0,14.1,1.9,0.0,0.0,0.0,18.1,64.0,0,0,0,0,0,1,11,2024,0,0,0
2024-11-26,15581135.0,6.7,11.1,1.6,21.3,20.0,0.91,21.3,81.0,1,0,1,0,0,1,11,2024,0,0,0
2024-11-27,16692531.0,-0.7,1.2,-2.3,10.9,0.4,7.35,8.9,86.0,0,0,2,0,0,1,11,2024,0,0,0
2024-11-28,16340557.0,-1.9,1.1,-5.2,0.7,0.0,0.49,7.4,91.0,0,0,3,0,0,1,11,2024,0,0,0
2024-11-29,16694125.0,-2.8,0.9,-7.8,0.0,0.0,0.0,9.2,84.0,0,0,4,0,0,1,11,2024,0,0,0
2024-11-30,12260537.0,0.0,4.0,-4.5,0.0,0.0,0.0,9.2,86.0,0,0,5,1,0,0,11,2024,0,0,0
2024-12-01,9092398.0,1.1,4.7,-2.9,0.3,0.3,0.0,8.1,94.0,0,0,6,1,0,0,12,2024,0,0,0
2024-12-02,15560419.0,5.4,12.5,-0.4,0.2,0.2,0.0,15.9,82.0,0,0,0,0,0,1,12,2024,0,0,0
2024-12-03,15790025.0,-1.1,2.3,-4.3,0.0,0.0,0.0,11.0,59.0,0,0,1,0,0,1,12,2024,0,0,0
2024-12-04,15681370.0,0.3,3.8,-2.1,0.0,0.0,0.0,10.9,63.0,0,0,2,0,0,1,12,2024,0,0,0
2024-12-05,15609861.0,1.4,6.6,-1.9,0.0,0.0,0.0,16.2,69.0,0,0,3,0,0,1,12,2024,0,0,0
2024-12-06,16226285.0,0.1,3.3,-2.6,0.0,0.0,0.0,16.3,58.0,0,0,4,0,0,1,12,2024,0,0,0
2024-12-07,12971533.0,-1.7,1.6,-3.5,0.0,0.0,0.0,13.7,60.0,0,0,5,1,0,0,12,2024,0,0,0
2024-12-08,8604261.0,-2.0,2.2,-4.9,0.0,0.0,0.0,12.9,52.0,0,0,6,1,0,0,12,2024,0,0,0
2024-12-09,15085379.0,-1.2,3.7,-4.5,0.0,0.0,0.0,5.1,62.0,0,0,0,0,0,1,12,2024,0,0,0
2024-12-10,15604929.0,0.3,5.1,-2.5,0.0,0.0,0.0,10.9,67.0,0,0,1,0,0,1,12,2024,0,0,0
2024-12-11,15759320.0,0.4,5.1,-2.3,0.0,0.0,0.0,9.3,64.0,0,0,2,0,0,1,12,2024,0,0,0
2024-12-12,16028201.0,-1.5,2.8,-4.6,0.0,0.0,0.0,8.6,54.0,0,0,3,0,0,1,12,2024,0,0,0
2024-12-13,16667163.0,-0.5,2.9,-2.3,0.0,0.0,0.0,12.2,54.0,0,0,4,0,0,1,12,2024,0,0,0
2024-12-14,13786796.0,-2.3,0.9,-5.0,0.0,0.0,0.0,12.6,58.0,0,0,5,1,0,0,12,2024,0,0,0
2024-12-15,8912924.0,-0.1,4.4,-2.7,0.0,0.0,0.0,16.2,55.0,0,0,6,1,0,0,12,2024,0,0,0
2024-12-16,15252886.0,-1.3,2.6,-3.8,0.0,0.0,0.0,11.2,54.0,0,0,0,0,0,1,12,2024,0,0,0
2024-12-17,15835616.0,-2.0,0.8,-4.0,0.0,0.0,0.0,12.0,51.0,0,0,1,0,0,1,12,2024,0,0,0
2024-12-18,15739676.0,-4.3,-1.2,-6.8,0.0,0.0,0.0,9.5,45.0,0,0,2,0,0,1,12,2024,0,0,0
2024-12-19,15955157.0,-3.2,1.7,-6.5,0.0,0.0,0.0,5.2,47.0,0,0,3,0,0,1,12,2024,0,0,0
2024-12-20,16865611.0,-0.8,2.7,-3.3,0.8,0.0,0.56,6.7,68.0,0,0,4,0,0,1,12,2024,0,0,0
2024-12-21,13196987.0,-1.5,0.8,-6.2,0.7,0.0,0.49,18.0,72.0,0,0,5,1,0,0,12,2024,0,0,0
2024-12-22,9042722.0,-5.9,-2.0,-8.7,0.0,0.0,0.0,13.0,61.0,0,0,6,1,0,0,12,2024,0,0,0
2024-12-23,15476174.0,-3.5,3.3,-9.5,0.0,0.0,0.0,10.3,68.0,0,0,0,0,0,1,12,2024,0,0,0
2024-12-24,16062383.0,-2.9,1.1,-6.6,0.0,0.0,0.0,8.5,57.0,0,0,1,0,0,1,12,2024,0,0,0
2024-12-25,10008940.0,-0.1,4.2,-4.9,0.3,0.3,0.0,11.4,68.0,0,0,2,0,1,0,12,2024,0,0,0
2024-12-26,15292959.0,-1.5,1.7,-5.2,0.0,0.0,0.0,17.0,62.0,0,0,3,0,0,1,12,2024,0,0,0
2024-12-27,15716886.0,-3.5,0.3,-6.0,0.0,0.0,0.0,14.3,48.0,0,0,4,0,0,1,12,2024,0,0,0
2024-12-28,11821905.0,-3.9,-0.2,-6.7,0.0,0.0,0.0,18.2,46.0,0,0,5,1,0,0,12,2024,0,0,0
2024-12-29,8536632.0,-1.4,3.1,-5.3,0.0,0.0,0.0,5.8,60.0,0,0,6,1,0,0,12,2024,0,0,0
2024-12-30,14632074.0,3.2,8.5,-0.9,0.3,0.3,0.0,21.7,77.0,0,0,0,0,0,1,12,2024,0,0,0
2024-12-31,14480537.0,-1.1,2.1,-3.6,0.1,0.1,0.0,14.1,56.0,0,0,1,0,0,1,12,2024,0,0,0
